tahun,nama_kabupaten,nama_kecamatan,nama_kelurahan,status_kawin,jumlah
2017,KAB.ADM.KEP.SERIBU,KEP. SERIBU UTR,P. PANGGANG,Belum Kawin,1.00
2017,KAB.ADM.KEP.SERIBU,KEP. SERIBU UTR,P. KELAPA,Belum Kawin,2.00
2017,KAB.ADM.KEP.SERIBU,KEP. SERIBU UTR,P. HARAPAN,Belum Kawin,1.00
2017,KAB.ADM.KEP.SERIBU,KEP. SERIBU SLT,P. UNTUNG JAWA,Belum Kawin,
2017,KAB.ADM.KEP.SERIBU,KEP. SERIBU SLT,P. TIDUNG,Belum Kawin,4.00
2017,KAB.ADM.KEP.SERIBU,KEP. SERIBU SLT,P. PARI,Belum Kawin,
2017,JAKARTA PUSAT,GAMBIR,GAMBIR,Belum Kawin,1.00
2017,JAKARTA PUSAT,GAMBIR,CIDENG,Belum Kawin,5.00
2017,JAKARTA PUSAT,GAMBIR,PETOJO UTARA,Belum Kawin,19.00
2017,JAKARTA PUSAT,GAMBIR,PETOJO SELATAN,Belum Kawin,15.00
2017,JAKARTA PUSAT,GAMBIR,KEBON KELAPA,Belum Kawin,12.00
2017,JAKARTA PUSAT,GAMBIR,DURI PULO,Belum Kawin,24.00
2017,JAKARTA PUSAT,SAWAH BESAR,PASAR BARU,Belum Kawin,8.00
2017,JAKARTA PUSAT,SAWAH BESAR,KARANG ANYAR,Belum Kawin,19.00
2017,JAKARTA PUSAT,SAWAH BESAR,KARTINI,Belum Kawin,7.00
2017,JAKARTA PUSAT,SAWAH BESAR,GUNUNG SAHARI UTARA,Belum Kawin,10.00
2017,JAKARTA PUSAT,SAWAH BESAR,MANGGA DUA SELATAN,Belum Kawin,28.00
2017,JAKARTA PUSAT,KEMAYORAN,KEMAYORAN,Belum Kawin,32.00
2017,JAKARTA PUSAT,KEMAYORAN,KEBON KOSONG,Belum Kawin,17.00
2017,JAKARTA PUSAT,KEMAYORAN,HARAPAN MULIA,Belum Kawin,22.00
2017,JAKARTA PUSAT,KEMAYORAN,SERDANG,Belum Kawin,24.00
2017,JAKARTA PUSAT,KEMAYORAN,GUNUNG SAHARI SELATAN,Belum Kawin,20.00
2017,JAKARTA PUSAT,KEMAYORAN,CEMPAKA BARU,Belum Kawin,33.00
2017,JAKARTA PUSAT,KEMAYORAN,SUMUR BATU,Belum Kawin,11.00
2017,JAKARTA PUSAT,KEMAYORAN,UTAN PANJANG,Belum Kawin,29.00
2017,JAKARTA PUSAT,SENEN,SENEN,Belum Kawin,6.00
2017,JAKARTA PUSAT,SENEN,KENARI,Belum Kawin,6.00
2017,JAKARTA PUSAT,SENEN,PASEBAN,Belum Kawin,20.00
2017,JAKARTA PUSAT,SENEN,KRAMAT,Belum Kawin,26.00
2017,JAKARTA PUSAT,SENEN,KWITANG,Belum Kawin,18.00
2017,JAKARTA PUSAT,SENEN,BUNGUR,Belum Kawin,11.00
2017,JAKARTA PUSAT,CEMPAKA PUTIH,CEMPAKA PUTIH TIMUR,Belum Kawin,6.00
2017,JAKARTA PUSAT,CEMPAKA PUTIH,CEMPAKA PUTIH BARAT,Belum Kawin,9.00
2017,JAKARTA PUSAT,CEMPAKA PUTIH,RAWASARI,Belum Kawin,5.00
2017,JAKARTA PUSAT,MENTENG,MENTENG,Belum Kawin,25.00
2017,JAKARTA PUSAT,MENTENG,PEGANGSAAN,Belum Kawin,17.00
2017,JAKARTA PUSAT,MENTENG,CIKINI,Belum Kawin,9.00
2017,JAKARTA PUSAT,MENTENG,GONDANGDIA,Belum Kawin,4.00
2017,JAKARTA PUSAT,MENTENG,KEBON SIRIH,Belum Kawin,11.00
2017,JAKARTA PUSAT,TANAH ABANG,GELORA,Belum Kawin,4.00
2017,JAKARTA PUSAT,TANAH ABANG,BENDUNGAN HILIR,Belum Kawin,11.00
2017,JAKARTA PUSAT,TANAH ABANG,KARET TENGSIN,Belum Kawin,6.00
2017,JAKARTA PUSAT,TANAH ABANG,PETAMBURAN,Belum Kawin,6.00
2017,JAKARTA PUSAT,TANAH ABANG,KEBON MELATI,Belum Kawin,14.00
2017,JAKARTA PUSAT,TANAH ABANG,KEBON KACANG,Belum Kawin,12.00
2017,JAKARTA PUSAT,TANAH ABANG,KAMPUNG BALI,Belum Kawin,10.00
2017,JAKARTA PUSAT,JOHAR BARU,JOHAR BARU,Belum Kawin,4.00
2017,JAKARTA PUSAT,JOHAR BARU,KAMPUNG RAWA,Belum Kawin,24.00
2017,JAKARTA PUSAT,JOHAR BARU,GALUR,Belum Kawin,22.00
2017,JAKARTA PUSAT,JOHAR BARU,TANAH TINGGI,Belum Kawin,34.00
2017,JAKARTA UTARA,PENJARINGAN,PENJARINGAN,Belum Kawin,62.00
2017,JAKARTA UTARA,PENJARINGAN,KAMAL MUARA,Belum Kawin,11.00
2017,JAKARTA UTARA,PENJARINGAN,KAPUK MUARA,Belum Kawin,14.00
2017,JAKARTA UTARA,PENJARINGAN,PEJAGALAN,Belum Kawin,54.00
2017,JAKARTA UTARA,PENJARINGAN,PLUIT,Belum Kawin,28.00
2017,JAKARTA UTARA,TANJUNG PRIOK,TANJUNG PRIOK,Belum Kawin,35.00
2017,JAKARTA UTARA,TANJUNG PRIOK,SUNTER JAYA,Belum Kawin,22.00
2017,JAKARTA UTARA,TANJUNG PRIOK,PAPANGGO,Belum Kawin,34.00
2017,JAKARTA UTARA,TANJUNG PRIOK,SUNGAI BAMBU,Belum Kawin,23.00
2017,JAKARTA UTARA,TANJUNG PRIOK,KEBON BAWANG,Belum Kawin,19.00
2017,JAKARTA UTARA,TANJUNG PRIOK,SUNTER AGUNG,Belum Kawin,24.00
2017,JAKARTA UTARA,TANJUNG PRIOK,WARAKAS,Belum Kawin,18.00
2017,JAKARTA UTARA,KOJA,KOJA,Belum Kawin,30.00
2017,JAKARTA UTARA,KOJA,TUGU UTARA,Belum Kawin,53.00
2017,JAKARTA UTARA,KOJA,LAGOA,Belum Kawin,52.00
2017,JAKARTA UTARA,KOJA,RAWA BADAK UTARA,Belum Kawin,26.00
2017,JAKARTA UTARA,KOJA,TUGU SELATAN,Belum Kawin,30.00
2017,JAKARTA UTARA,KOJA,RAWA BADAK SELATAN,Belum Kawin,38.00
2017,JAKARTA UTARA,CILINCING,CILINCING,Belum Kawin,47.00
2017,JAKARTA UTARA,CILINCING,SUKAPURA,Belum Kawin,19.00
2017,JAKARTA UTARA,CILINCING,MARUNDA,Belum Kawin,20.00
2017,JAKARTA UTARA,CILINCING,KALI BARU,Belum Kawin,75.00
2017,JAKARTA UTARA,CILINCING,SEMPER TIMUR,Belum Kawin,36.00
2017,JAKARTA UTARA,CILINCING,ROROTAN,Belum Kawin,14.00
2017,JAKARTA UTARA,CILINCING,SEMPER BARAT,Belum Kawin,37.00
2017,JAKARTA UTARA,PADEMANGAN,PADEMANGAN TIMUR,Belum Kawin,31.00
2017,JAKARTA UTARA,PADEMANGAN,PADEMANGAN BARAT,Belum Kawin,53.00
2017,JAKARTA UTARA,PADEMANGAN,ANCOL,Belum Kawin,12.00
2017,JAKARTA UTARA,KELAPA GADING,KELAPA GADING TIMUR,Belum Kawin,18.00
2017,JAKARTA UTARA,KELAPA GADING,PEGANGSAAN DUA,Belum Kawin,24.00
2017,JAKARTA UTARA,KELAPA GADING,KELAPA GADING BARAT,Belum Kawin,10.00
2017,JAKARTA BARAT,CENGKARENG,CENGKARENG BARAT,Belum Kawin,63.00
2017,JAKARTA BARAT,CENGKARENG,DURI KOSAMBI,Belum Kawin,32.00
2017,JAKARTA BARAT,CENGKARENG,RAWA BUAYA,Belum Kawin,22.00
2017,JAKARTA BARAT,CENGKARENG,KEDAUNG KALI ANGKE,Belum Kawin,18.00
2017,JAKARTA BARAT,CENGKARENG,KAPUK,Belum Kawin,62.00
2017,JAKARTA BARAT,CENGKARENG,CENGKARENG TIMUR,Belum Kawin,49.00
2017,JAKARTA BARAT,GROGOL PETAMBURAN,GROGOL,Belum Kawin,13.00
2017,JAKARTA BARAT,GROGOL PETAMBURAN,TANJUNG DUREN UTARA,Belum Kawin,12.00
2017,JAKARTA BARAT,GROGOL PETAMBURAN,TOMANG,Belum Kawin,18.00
2017,JAKARTA BARAT,GROGOL PETAMBURAN,JELAMBAR,Belum Kawin,12.00
2017,JAKARTA BARAT,GROGOL PETAMBURAN,TANJUNG DUREN SELATAN,Belum Kawin,18.00
2017,JAKARTA BARAT,GROGOL PETAMBURAN,JELAMBAR BARU,Belum Kawin,32.00
2017,JAKARTA BARAT,GROGOL PETAMBURAN,WIJAYA KUSUMA,Belum Kawin,20.00
2017,JAKARTA BARAT,TAMAN SARI,TAMAN SARI,Belum Kawin,14.00
2017,JAKARTA BARAT,TAMAN SARI,KRUKUT,Belum Kawin,20.00
2017,JAKARTA BARAT,TAMAN SARI,MAPHAR,Belum Kawin,12.00
2017,JAKARTA BARAT,TAMAN SARI,TANGKI,Belum Kawin,14.00
2017,JAKARTA BARAT,TAMAN SARI,MANGGA BESAR,Belum Kawin,12.00
2017,JAKARTA BARAT,TAMAN SARI,KEAGUNGAN,Belum Kawin,14.00
2017,JAKARTA BARAT,TAMAN SARI,GLODOK,Belum Kawin,13.00
2017,JAKARTA BARAT,TAMAN SARI,PINANGSIA,Belum Kawin,16.00
2017,JAKARTA BARAT,TAMBORA,TAMBORA,Belum Kawin,11.00
2017,JAKARTA BARAT,TAMBORA,KALI ANYAR,Belum Kawin,18.00
2017,JAKARTA BARAT,TAMBORA,DURI UTARA,Belum Kawin,7.00
2017,JAKARTA BARAT,TAMBORA,TANAH SEREAL,Belum Kawin,38.00
2017,JAKARTA BARAT,TAMBORA,KERENDANG,Belum Kawin,9.00
2017,JAKARTA BARAT,TAMBORA,JEMBATAN BESI,Belum Kawin,21.00
2017,JAKARTA BARAT,TAMBORA,ANGKE,Belum Kawin,24.00
2017,JAKARTA BARAT,TAMBORA,JEMBATAN LIMA,Belum Kawin,35.00
2017,JAKARTA BARAT,TAMBORA,PEKOJAN,Belum Kawin,29.00
2017,JAKARTA BARAT,TAMBORA,ROA MALAKA,Belum Kawin,3.00
2017,JAKARTA BARAT,TAMBORA,DURI SELATAN,Belum Kawin,15.00
2017,JAKARTA BARAT,KEBON JERUK,KEBON JERUK,Belum Kawin,36.00
2017,JAKARTA BARAT,KEBON JERUK,SUKABUMI UTARA,Belum Kawin,20.00
2017,JAKARTA BARAT,KEBON JERUK,SUKABUMI SELATAN,Belum Kawin,31.00
2017,JAKARTA BARAT,KEBON JERUK,KELAPA DUA,Belum Kawin,10.00
2017,JAKARTA BARAT,KEBON JERUK,DURI KEPA,Belum Kawin,40.00
2017,JAKARTA BARAT,KEBON JERUK,KEDOYA UTARA,Belum Kawin,10.00
2017,JAKARTA BARAT,KEBON JERUK,KEDOYA SELATAN,Belum Kawin,16.00
2017,JAKARTA BARAT,KALI DERES,KALIDERES,Belum Kawin,26.00
2017,JAKARTA BARAT,KALI DERES,SEMANAN,Belum Kawin,31.00
2017,JAKARTA BARAT,KALI DERES,TEGAL ALUR,Belum Kawin,50.00
2017,JAKARTA BARAT,KALI DERES,KAMAL,Belum Kawin,29.00
2017,JAKARTA BARAT,KALI DERES,PEGADUNGAN,Belum Kawin,34.00
2017,JAKARTA BARAT,PALMERAH,PALMERAH,Belum Kawin,31.00
2017,JAKARTA BARAT,PALMERAH,SLIPI,Belum Kawin,15.00
2017,JAKARTA BARAT,PALMERAH,KOTA BAMBU UTARA,Belum Kawin,22.00
2017,JAKARTA BARAT,PALMERAH,JATI PULO,Belum Kawin,34.00
2017,JAKARTA BARAT,PALMERAH,KEMANGGISAN,Belum Kawin,23.00
2017,JAKARTA BARAT,PALMERAH,KOTA BAMBU SELATAN,Belum Kawin,16.00
2017,JAKARTA BARAT,KEMBANGAN,KEMBANGAN UTARA,Belum Kawin,19.00
2017,JAKARTA BARAT,KEMBANGAN,MERUYA UTARA,Belum Kawin,16.00
2017,JAKARTA BARAT,KEMBANGAN,MERUYA SELATAN,Belum Kawin,54.00
2017,JAKARTA BARAT,KEMBANGAN,SRENGSENG,Belum Kawin,33.00
2017,JAKARTA BARAT,KEMBANGAN,JOGLO,Belum Kawin,30.00
2017,JAKARTA BARAT,KEMBANGAN,KEMBANGAN SELATAN,Belum Kawin,5.00
2017,JAKARTA SELATAN,TEBET,TEBET TIMUR,Belum Kawin,11.00
2017,JAKARTA SELATAN,TEBET,TEBET BARAT,Belum Kawin,14.00
2017,JAKARTA SELATAN,TEBET,MENTENG DALAM,Belum Kawin,20.00
2017,JAKARTA SELATAN,TEBET,KEBON BARU,Belum Kawin,36.00
2017,JAKARTA SELATAN,TEBET,BUKIT DURI,Belum Kawin,43.00
2017,JAKARTA SELATAN,TEBET,MANGGARAI SELATAN,Belum Kawin,21.00
2017,JAKARTA SELATAN,TEBET,MANGGARAI,Belum Kawin,41.00
2017,JAKARTA SELATAN,SETIA BUDI,SETIA BUDI,Belum Kawin,1.00
2017,JAKARTA SELATAN,SETIA BUDI,KARET SEMANGGI,Belum Kawin,
2017,JAKARTA SELATAN,SETIA BUDI,KARET KUNINGAN,Belum Kawin,9.00
2017,JAKARTA SELATAN,SETIA BUDI,KARET,Belum Kawin,5.00
2017,JAKARTA SELATAN,SETIA BUDI,MENTENG ATAS,Belum Kawin,36.00
2017,JAKARTA SELATAN,SETIA BUDI,PASAR MANGGIS,Belum Kawin,36.00
2017,JAKARTA SELATAN,SETIA BUDI,GUNTUR,Belum Kawin,3.00
2017,JAKARTA SELATAN,SETIA BUDI,KUNINGAN TIMUR,Belum Kawin,3.00
2017,JAKARTA SELATAN,MAMPANG PRAPATAN,MAMPANG PRAPATAN,Belum Kawin,11.00
2017,JAKARTA SELATAN,MAMPANG PRAPATAN,BANGKA,Belum Kawin,5.00
2017,JAKARTA SELATAN,MAMPANG PRAPATAN,PELA MAMPANG,Belum Kawin,28.00
2017,JAKARTA SELATAN,MAMPANG PRAPATAN,TEGAL PARANG,Belum Kawin,11.00
2017,JAKARTA SELATAN,MAMPANG PRAPATAN,KUNINGAN BARAT,Belum Kawin,5.00
2017,JAKARTA SELATAN,PASAR MINGGU,PASAR MINGGU,Belum Kawin,16.00
2017,JAKARTA SELATAN,PASAR MINGGU,JATI PADANG,Belum Kawin,33.00
2017,JAKARTA SELATAN,PASAR MINGGU,CILANDAK TIMUR,Belum Kawin,10.00
2017,JAKARTA SELATAN,PASAR MINGGU,RAGUNAN,Belum Kawin,29.00
2017,JAKARTA SELATAN,PASAR MINGGU,PEJATEN TIMUR,Belum Kawin,33.00
2017,JAKARTA SELATAN,PASAR MINGGU,PEJATEN BARAT,Belum Kawin,28.00
2017,JAKARTA SELATAN,PASAR MINGGU,KEBAGUSAN,Belum Kawin,23.00
2017,JAKARTA SELATAN,KEBAYORAN LAMA,KEBAYORAN LAMA UTARA,Belum Kawin,29.00
2017,JAKARTA SELATAN,KEBAYORAN LAMA,PONDOK PINANG,Belum Kawin,25.00
2017,JAKARTA SELATAN,KEBAYORAN LAMA,CIPULIR,Belum Kawin,19.00
2017,JAKARTA SELATAN,KEBAYORAN LAMA,GROGOL UTARA,Belum Kawin,23.00
2017,JAKARTA SELATAN,KEBAYORAN LAMA,GROGOL SELATAN,Belum Kawin,35.00
2017,JAKARTA SELATAN,KEBAYORAN LAMA,KEBAYORAN LAMA SELATAN,Belum Kawin,15.00
2017,JAKARTA SELATAN,CILANDAK,CILANDAK BARAT,Belum Kawin,10.00
2017,JAKARTA SELATAN,CILANDAK,LEBAK BULUS,Belum Kawin,13.00
2017,JAKARTA SELATAN,CILANDAK,PONDOK LABU,Belum Kawin,12.00
2017,JAKARTA SELATAN,CILANDAK,GANDARIA SELATAN,Belum Kawin,12.00
2017,JAKARTA SELATAN,CILANDAK,CIPETE SELATAN,Belum Kawin,13.00
2017,JAKARTA SELATAN,KEBAYORAN BARU,MELAWAI,Belum Kawin,2.00
2017,JAKARTA SELATAN,KEBAYORAN BARU,GUNUNG,Belum Kawin,5.00
2017,JAKARTA SELATAN,KEBAYORAN BARU,KRAMAT PELA,Belum Kawin,9.00
2017,JAKARTA SELATAN,KEBAYORAN BARU,SELONG,Belum Kawin,1.00
2017,JAKARTA SELATAN,KEBAYORAN BARU,RAWA BARAT,Belum Kawin,8.00
2017,JAKARTA SELATAN,KEBAYORAN BARU,SENAYAN,Belum Kawin,4.00
2017,JAKARTA SELATAN,KEBAYORAN BARU,PULO,Belum Kawin,13.00
2017,JAKARTA SELATAN,KEBAYORAN BARU,PETOGOGAN,Belum Kawin,9.00
2017,JAKARTA SELATAN,KEBAYORAN BARU,GANDARIA UTARA,Belum Kawin,20.00
2017,JAKARTA SELATAN,KEBAYORAN BARU,CIPETE UTARA,Belum Kawin,18.00
2017,JAKARTA SELATAN,PANCORAN,PANCORAN,Belum Kawin,11.00
2017,JAKARTA SELATAN,PANCORAN,KALIBATA,Belum Kawin,17.00
2017,JAKARTA SELATAN,PANCORAN,RAWA JATI,Belum Kawin,12.00
2017,JAKARTA SELATAN,PANCORAN,DUREN TIGA,Belum Kawin,18.00
2017,JAKARTA SELATAN,PANCORAN,PENGADEGAN,Belum Kawin,8.00
2017,JAKARTA SELATAN,PANCORAN,CIKOKO,Belum Kawin,3.00
2017,JAKARTA SELATAN,JAGAKARSA,JAGAKARSA,Belum Kawin,31.00
2017,JAKARTA SELATAN,JAGAKARSA,SRENGSENG SAWAH,Belum Kawin,27.00
2017,JAKARTA SELATAN,JAGAKARSA,CIGANJUR,Belum Kawin,14.00
2017,JAKARTA SELATAN,JAGAKARSA,LENTENG AGUNG,Belum Kawin,35.00
2017,JAKARTA SELATAN,JAGAKARSA,TANJUNG BARAT,Belum Kawin,25.00
2017,JAKARTA SELATAN,JAGAKARSA,CIPEDAK,Belum Kawin,16.00
2017,JAKARTA SELATAN,PESANGGRAHAN,PESANGGRAHAN,Belum Kawin,13.00
2017,JAKARTA SELATAN,PESANGGRAHAN,BINTARO,Belum Kawin,26.00
2017,JAKARTA SELATAN,PESANGGRAHAN,PETUKANGAN UTARA,Belum Kawin,25.00
2017,JAKARTA SELATAN,PESANGGRAHAN,PETUKANGAN SELATAN,Belum Kawin,15.00
2017,JAKARTA SELATAN,PESANGGRAHAN,ULUJAMI,Belum Kawin,22.00
2017,JAKARTA TIMUR,MATRAMAN,PISANGAN BARU,Belum Kawin,36.00
2017,JAKARTA TIMUR,MATRAMAN,UTAN KAYU UTARA,Belum Kawin,18.00
2017,JAKARTA TIMUR,MATRAMAN,KAYU MANIS,Belum Kawin,30.00
2017,JAKARTA TIMUR,MATRAMAN,PAL MERIAM,Belum Kawin,17.00
2017,JAKARTA TIMUR,MATRAMAN,KEBON MANGGIS,Belum Kawin,13.00
2017,JAKARTA TIMUR,MATRAMAN,UTAN KAYU SELATAN,Belum Kawin,27.00
2017,JAKARTA TIMUR,PULO GADUNG,PULO GADUNG,Belum Kawin,7.00
2017,JAKARTA TIMUR,PULO GADUNG,PISANGAN TIMUR,Belum Kawin,36.00
2017,JAKARTA TIMUR,PULO GADUNG,CIPINANG,Belum Kawin,35.00
2017,JAKARTA TIMUR,PULO GADUNG,JATINEGARA KAUM,Belum Kawin,13.00
2017,JAKARTA TIMUR,PULO GADUNG,RAWAMANGUN,Belum Kawin,41.00
2017,JAKARTA TIMUR,PULO GADUNG,KAYU PUTIH,Belum Kawin,36.00
2017,JAKARTA TIMUR,PULO GADUNG,JATI,Belum Kawin,17.00
2017,JAKARTA TIMUR,JATINEGARA,KAMPUNG MELAYU,Belum Kawin,25.00
2017,JAKARTA TIMUR,JATINEGARA,BIDARA CINA,Belum Kawin,43.00
2017,JAKARTA TIMUR,JATINEGARA,BALI MESTER,Belum Kawin,11.00
2017,JAKARTA TIMUR,JATINEGARA,RAWA BUNGA,Belum Kawin,30.00
2017,JAKARTA TIMUR,JATINEGARA,CIPINANG CEMPEDAK,Belum Kawin,35.00
2017,JAKARTA TIMUR,JATINEGARA,CIPINANG MUARA,Belum Kawin,36.00
2017,JAKARTA TIMUR,JATINEGARA,CIPINANG BESAR SELATAN,Belum Kawin,22.00
2017,JAKARTA TIMUR,JATINEGARA,CIPINANG BESAR UTARA,Belum Kawin,52.00
2017,JAKARTA TIMUR,KRAMAT JATI,KRAMAT JATI,Belum Kawin,33.00
2017,JAKARTA TIMUR,KRAMAT JATI,KAMPUNG TENGAH,Belum Kawin,32.00
2017,JAKARTA TIMUR,KRAMAT JATI,DUKUH,Belum Kawin,22.00
2017,JAKARTA TIMUR,KRAMAT JATI,BATU AMPAR,Belum Kawin,18.00
2017,JAKARTA TIMUR,KRAMAT JATI,BALE KAMBANG,Belum Kawin,16.00
2017,JAKARTA TIMUR,KRAMAT JATI,CILILITAN,Belum Kawin,24.00
2017,JAKARTA TIMUR,KRAMAT JATI,CAWANG,Belum Kawin,16.00
2017,JAKARTA TIMUR,PASAR REBO,GEDONG,Belum Kawin,14.00
2017,JAKARTA TIMUR,PASAR REBO,BARU,Belum Kawin,14.00
2017,JAKARTA TIMUR,PASAR REBO,CIJANTUNG,Belum Kawin,10.00
2017,JAKARTA TIMUR,PASAR REBO,KALISARI,Belum Kawin,22.00
2017,JAKARTA TIMUR,PASAR REBO,PEKAYON,Belum Kawin,19.00
2017,JAKARTA TIMUR,CAKUNG,JATINEGARA,Belum Kawin,31.00
2017,JAKARTA TIMUR,CAKUNG,RAWA TERATE,Belum Kawin,7.00
2017,JAKARTA TIMUR,CAKUNG,PENGGILINGAN,Belum Kawin,61.00
2017,JAKARTA TIMUR,CAKUNG,CAKUNG TIMUR,Belum Kawin,24.00
2017,JAKARTA TIMUR,CAKUNG,PULO GEBANG,Belum Kawin,44.00
2017,JAKARTA TIMUR,CAKUNG,UJUNG MENTENG,Belum Kawin,8.00
2017,JAKARTA TIMUR,CAKUNG,CAKUNG BARAT,Belum Kawin,25.00
2017,JAKARTA TIMUR,DUREN SAWIT,DUREN SAWIT,Belum Kawin,28.00
2017,JAKARTA TIMUR,DUREN SAWIT,PONDOK BAMBU,Belum Kawin,24.00
2017,JAKARTA TIMUR,DUREN SAWIT,KLENDER,Belum Kawin,37.00
2017,JAKARTA TIMUR,DUREN SAWIT,PONDOK KELAPA,Belum Kawin,42.00
2017,JAKARTA TIMUR,DUREN SAWIT,MALAKA SARI,Belum Kawin,20.00
2017,JAKARTA TIMUR,DUREN SAWIT,MALAKA JAYA,Belum Kawin,30.00
2017,JAKARTA TIMUR,DUREN SAWIT,PONDOK KOPI,Belum Kawin,16.00
2017,JAKARTA TIMUR,MAKASAR,MAKASAR,Belum Kawin,19.00
2017,JAKARTA TIMUR,MAKASAR,PINANG RANTI,Belum Kawin,1.00
2017,JAKARTA TIMUR,MAKASAR,KEBON PALA,Belum Kawin,22.00
2017,JAKARTA TIMUR,MAKASAR,HALIM PERDANA KUSUMAH,Belum Kawin,8.00
2017,JAKARTA TIMUR,MAKASAR,CIPINANG MELAYU,Belum Kawin,31.00
2017,JAKARTA TIMUR,CIRACAS,CIRACAS,Belum Kawin,48.00
2017,JAKARTA TIMUR,CIRACAS,CIBUBUR,Belum Kawin,39.00
2017,JAKARTA TIMUR,CIRACAS,KELAPA DUA WETAN,Belum Kawin,33.00
2017,JAKARTA TIMUR,CIRACAS,SUSUKAN,Belum Kawin,16.00
2017,JAKARTA TIMUR,CIRACAS,RAMBUTAN,Belum Kawin,27.00
2017,JAKARTA TIMUR,CIPAYUNG,CIPAYUNG,Belum Kawin,17.00
2017,JAKARTA TIMUR,CIPAYUNG,CILANGKAP,Belum Kawin,8.00
2017,JAKARTA TIMUR,CIPAYUNG,PONDOK RANGGON,Belum Kawin,10.00
2017,JAKARTA TIMUR,CIPAYUNG,MUNJUL,Belum Kawin,11.00
2017,JAKARTA TIMUR,CIPAYUNG,SETU,Belum Kawin,9.00
2017,JAKARTA TIMUR,CIPAYUNG,BAMBU APUS,Belum Kawin,18.00
2017,JAKARTA TIMUR,CIPAYUNG,LUBANG BUAYA,Belum Kawin,37.00
2017,JAKARTA TIMUR,CIPAYUNG,CEGER,Belum Kawin,12.00
2017,KAB.ADM.KEP.SERIBU,KEP. SERIBU UTR,P. PANGGANG,Cerai Hidup,
2017,KAB.ADM.KEP.SERIBU,KEP. SERIBU UTR,P. KELAPA,Cerai Hidup,
2017,KAB.ADM.KEP.SERIBU,KEP. SERIBU UTR,P. HARAPAN,Cerai Hidup,1.00
2017,KAB.ADM.KEP.SERIBU,KEP. SERIBU SLT,P. UNTUNG JAWA,Cerai Hidup,
2017,KAB.ADM.KEP.SERIBU,KEP. SERIBU SLT,P. TIDUNG,Cerai Hidup,
2017,KAB.ADM.KEP.SERIBU,KEP. SERIBU SLT,P. PARI,Cerai Hidup,
2017,JAKARTA PUSAT,GAMBIR,GAMBIR,Cerai Hidup,
2017,JAKARTA PUSAT,GAMBIR,CIDENG,Cerai Hidup,2.00
2017,JAKARTA PUSAT,GAMBIR,PETOJO UTARA,Cerai Hidup,2.00
2017,JAKARTA PUSAT,GAMBIR,PETOJO SELATAN,Cerai Hidup,5.00
2017,JAKARTA PUSAT,GAMBIR,KEBON KELAPA,Cerai Hidup,2.00
2017,JAKARTA PUSAT,GAMBIR,DURI PULO,Cerai Hidup,3.00
2017,JAKARTA PUSAT,SAWAH BESAR,PASAR BARU,Cerai Hidup,
2017,JAKARTA PUSAT,SAWAH BESAR,KARANG ANYAR,Cerai Hidup,3.00
2017,JAKARTA PUSAT,SAWAH BESAR,KARTINI,Cerai Hidup,1.00
2017,JAKARTA PUSAT,SAWAH BESAR,GUNUNG SAHARI UTARA,Cerai Hidup,7.00
2017,JAKARTA PUSAT,SAWAH BESAR,MANGGA DUA SELATAN,Cerai Hidup,3.00
2017,JAKARTA PUSAT,KEMAYORAN,KEMAYORAN,Cerai Hidup,6.00
2017,JAKARTA PUSAT,KEMAYORAN,KEBON KOSONG,Cerai Hidup,6.00
2017,JAKARTA PUSAT,KEMAYORAN,HARAPAN MULIA,Cerai Hidup,3.00
2017,JAKARTA PUSAT,KEMAYORAN,SERDANG,Cerai Hidup,4.00
2017,JAKARTA PUSAT,KEMAYORAN,GUNUNG SAHARI SELATAN,Cerai Hidup,6.00
2017,JAKARTA PUSAT,KEMAYORAN,CEMPAKA BARU,Cerai Hidup,2.00
2017,JAKARTA PUSAT,KEMAYORAN,SUMUR BATU,Cerai Hidup,1.00
2017,JAKARTA PUSAT,KEMAYORAN,UTAN PANJANG,Cerai Hidup,4.00
2017,JAKARTA PUSAT,SENEN,SENEN,Cerai Hidup,1.00
2017,JAKARTA PUSAT,SENEN,KENARI,Cerai Hidup,1.00
2017,JAKARTA PUSAT,SENEN,PASEBAN,Cerai Hidup,1.00
2017,JAKARTA PUSAT,SENEN,KRAMAT,Cerai Hidup,3.00
2017,JAKARTA PUSAT,SENEN,KWITANG,Cerai Hidup,4.00
2017,JAKARTA PUSAT,SENEN,BUNGUR,Cerai Hidup,2.00
2017,JAKARTA PUSAT,CEMPAKA PUTIH,CEMPAKA PUTIH TIMUR,Cerai Hidup,3.00
2017,JAKARTA PUSAT,CEMPAKA PUTIH,CEMPAKA PUTIH BARAT,Cerai Hidup,1.00
2017,JAKARTA PUSAT,CEMPAKA PUTIH,RAWASARI,Cerai Hidup,2.00
2017,JAKARTA PUSAT,MENTENG,MENTENG,Cerai Hidup,2.00
2017,JAKARTA PUSAT,MENTENG,PEGANGSAAN,Cerai Hidup,1.00
2017,JAKARTA PUSAT,MENTENG,CIKINI,Cerai Hidup,2.00
2017,JAKARTA PUSAT,MENTENG,GONDANGDIA,Cerai Hidup,1.00
2017,JAKARTA PUSAT,MENTENG,KEBON SIRIH,Cerai Hidup,2.00
2017,JAKARTA PUSAT,TANAH ABANG,GELORA,Cerai Hidup,
2017,JAKARTA PUSAT,TANAH ABANG,BENDUNGAN HILIR,Cerai Hidup,2.00
2017,JAKARTA PUSAT,TANAH ABANG,KARET TENGSIN,Cerai Hidup,
2017,JAKARTA PUSAT,TANAH ABANG,PETAMBURAN,Cerai Hidup,
2017,JAKARTA PUSAT,TANAH ABANG,KEBON MELATI,Cerai Hidup,1.00
2017,JAKARTA PUSAT,TANAH ABANG,KEBON KACANG,Cerai Hidup,2.00
2017,JAKARTA PUSAT,TANAH ABANG,KAMPUNG BALI,Cerai Hidup,2.00
2017,JAKARTA PUSAT,JOHAR BARU,JOHAR BARU,Cerai Hidup,3.00
2017,JAKARTA PUSAT,JOHAR BARU,KAMPUNG RAWA,Cerai Hidup,3.00
2017,JAKARTA PUSAT,JOHAR BARU,GALUR,Cerai Hidup,1.00
2017,JAKARTA PUSAT,JOHAR BARU,TANAH TINGGI,Cerai Hidup,7.00
2017,JAKARTA UTARA,PENJARINGAN,PENJARINGAN,Cerai Hidup,4.00
2017,JAKARTA UTARA,PENJARINGAN,KAMAL MUARA,Cerai Hidup,2.00
2017,JAKARTA UTARA,PENJARINGAN,KAPUK MUARA,Cerai Hidup,3.00
2017,JAKARTA UTARA,PENJARINGAN,PEJAGALAN,Cerai Hidup,9.00
2017,JAKARTA UTARA,PENJARINGAN,PLUIT,Cerai Hidup,2.00
2017,JAKARTA UTARA,TANJUNG PRIOK,TANJUNG PRIOK,Cerai Hidup,2.00
2017,JAKARTA UTARA,TANJUNG PRIOK,SUNTER JAYA,Cerai Hidup,6.00
2017,JAKARTA UTARA,TANJUNG PRIOK,PAPANGGO,Cerai Hidup,1.00
2017,JAKARTA UTARA,TANJUNG PRIOK,SUNGAI BAMBU,Cerai Hidup,3.00
2017,JAKARTA UTARA,TANJUNG PRIOK,KEBON BAWANG,Cerai Hidup,3.00
2017,JAKARTA UTARA,TANJUNG PRIOK,SUNTER AGUNG,Cerai Hidup,4.00
2017,JAKARTA UTARA,TANJUNG PRIOK,WARAKAS,Cerai Hidup,3.00
2017,JAKARTA UTARA,KOJA,KOJA,Cerai Hidup,5.00
2017,JAKARTA UTARA,KOJA,TUGU UTARA,Cerai Hidup,8.00
2017,JAKARTA UTARA,KOJA,LAGOA,Cerai Hidup,12.00
2017,JAKARTA UTARA,KOJA,RAWA BADAK UTARA,Cerai Hidup,5.00
2017,JAKARTA UTARA,KOJA,TUGU SELATAN,Cerai Hidup,4.00
2017,JAKARTA UTARA,KOJA,RAWA BADAK SELATAN,Cerai Hidup,8.00
2017,JAKARTA UTARA,CILINCING,CILINCING,Cerai Hidup,5.00
2017,JAKARTA UTARA,CILINCING,SUKAPURA,Cerai Hidup,4.00
2017,JAKARTA UTARA,CILINCING,MARUNDA,Cerai Hidup,1.00
2017,JAKARTA UTARA,CILINCING,KALI BARU,Cerai Hidup,15.00
2017,JAKARTA UTARA,CILINCING,SEMPER TIMUR,Cerai Hidup,3.00
2017,JAKARTA UTARA,CILINCING,ROROTAN,Cerai Hidup,
2017,JAKARTA UTARA,CILINCING,SEMPER BARAT,Cerai Hidup,5.00
2017,JAKARTA UTARA,PADEMANGAN,PADEMANGAN TIMUR,Cerai Hidup,5.00
2017,JAKARTA UTARA,PADEMANGAN,PADEMANGAN BARAT,Cerai Hidup,7.00
2017,JAKARTA UTARA,PADEMANGAN,ANCOL,Cerai Hidup,5.00
2017,JAKARTA UTARA,KELAPA GADING,KELAPA GADING TIMUR,Cerai Hidup,
2017,JAKARTA UTARA,KELAPA GADING,PEGANGSAAN DUA,Cerai Hidup,2.00
2017,JAKARTA UTARA,KELAPA GADING,KELAPA GADING BARAT,Cerai Hidup,2.00
2017,JAKARTA BARAT,CENGKARENG,CENGKARENG BARAT,Cerai Hidup,3.00
2017,JAKARTA BARAT,CENGKARENG,DURI KOSAMBI,Cerai Hidup,2.00
2017,JAKARTA BARAT,CENGKARENG,RAWA BUAYA,Cerai Hidup,5.00
2017,JAKARTA BARAT,CENGKARENG,KEDAUNG KALI ANGKE,Cerai Hidup,1.00
2017,JAKARTA BARAT,CENGKARENG,KAPUK,Cerai Hidup,7.00
2017,JAKARTA BARAT,CENGKARENG,CENGKARENG TIMUR,Cerai Hidup,10.00
2017,JAKARTA BARAT,GROGOL PETAMBURAN,GROGOL,Cerai Hidup,1.00
2017,JAKARTA BARAT,GROGOL PETAMBURAN,TANJUNG DUREN UTARA,Cerai Hidup,1.00
2017,JAKARTA BARAT,GROGOL PETAMBURAN,TOMANG,Cerai Hidup,
2017,JAKARTA BARAT,GROGOL PETAMBURAN,JELAMBAR,Cerai Hidup,2.00
2017,JAKARTA BARAT,GROGOL PETAMBURAN,TANJUNG DUREN SELATAN,Cerai Hidup,2.00
2017,JAKARTA BARAT,GROGOL PETAMBURAN,JELAMBAR BARU,Cerai Hidup,2.00
2017,JAKARTA BARAT,GROGOL PETAMBURAN,WIJAYA KUSUMA,Cerai Hidup,1.00
2017,JAKARTA BARAT,TAMAN SARI,TAMAN SARI,Cerai Hidup,8.00
2017,JAKARTA BARAT,TAMAN SARI,KRUKUT,Cerai Hidup,
2017,JAKARTA BARAT,TAMAN SARI,MAPHAR,Cerai Hidup,3.00
2017,JAKARTA BARAT,TAMAN SARI,TANGKI,Cerai Hidup,2.00
2017,JAKARTA BARAT,TAMAN SARI,MANGGA BESAR,Cerai Hidup,3.00
2017,JAKARTA BARAT,TAMAN SARI,KEAGUNGAN,Cerai Hidup,2.00
2017,JAKARTA BARAT,TAMAN SARI,GLODOK,Cerai Hidup,3.00
2017,JAKARTA BARAT,TAMAN SARI,PINANGSIA,Cerai Hidup,2.00
2017,JAKARTA BARAT,TAMBORA,TAMBORA,Cerai Hidup,
2017,JAKARTA BARAT,TAMBORA,KALI ANYAR,Cerai Hidup,
2017,JAKARTA BARAT,TAMBORA,DURI UTARA,Cerai Hidup,1.00
2017,JAKARTA BARAT,TAMBORA,TANAH SEREAL,Cerai Hidup,2.00
2017,JAKARTA BARAT,TAMBORA,KERENDANG,Cerai Hidup,1.00
2017,JAKARTA BARAT,TAMBORA,JEMBATAN BESI,Cerai Hidup,2.00
2017,JAKARTA BARAT,TAMBORA,ANGKE,Cerai Hidup,3.00
2017,JAKARTA BARAT,TAMBORA,JEMBATAN LIMA,Cerai Hidup,7.00
2017,JAKARTA BARAT,TAMBORA,PEKOJAN,Cerai Hidup,8.00
2017,JAKARTA BARAT,TAMBORA,ROA MALAKA,Cerai Hidup,2.00
2017,JAKARTA BARAT,TAMBORA,DURI SELATAN,Cerai Hidup,2.00
2017,JAKARTA BARAT,KEBON JERUK,KEBON JERUK,Cerai Hidup,1.00
2017,JAKARTA BARAT,KEBON JERUK,SUKABUMI UTARA,Cerai Hidup,4.00
2017,JAKARTA BARAT,KEBON JERUK,SUKABUMI SELATAN,Cerai Hidup,1.00
2017,JAKARTA BARAT,KEBON JERUK,KELAPA DUA,Cerai Hidup,1.00
2017,JAKARTA BARAT,KEBON JERUK,DURI KEPA,Cerai Hidup,2.00
2017,JAKARTA BARAT,KEBON JERUK,KEDOYA UTARA,Cerai Hidup,3.00
2017,JAKARTA BARAT,KEBON JERUK,KEDOYA SELATAN,Cerai Hidup,2.00
2017,JAKARTA BARAT,KALI DERES,KALIDERES,Cerai Hidup,1.00
2017,JAKARTA BARAT,KALI DERES,SEMANAN,Cerai Hidup,1.00
2017,JAKARTA BARAT,KALI DERES,TEGAL ALUR,Cerai Hidup,4.00
2017,JAKARTA BARAT,KALI DERES,KAMAL,Cerai Hidup,6.00
2017,JAKARTA BARAT,KALI DERES,PEGADUNGAN,Cerai Hidup,3.00
2017,JAKARTA BARAT,PALMERAH,PALMERAH,Cerai Hidup,2.00
2017,JAKARTA BARAT,PALMERAH,SLIPI,Cerai Hidup,2.00
2017,JAKARTA BARAT,PALMERAH,KOTA BAMBU UTARA,Cerai Hidup,4.00
2017,JAKARTA BARAT,PALMERAH,JATI PULO,Cerai Hidup,10.00
2017,JAKARTA BARAT,PALMERAH,KEMANGGISAN,Cerai Hidup,5.00
2017,JAKARTA BARAT,PALMERAH,KOTA BAMBU SELATAN,Cerai Hidup,
2017,JAKARTA BARAT,KEMBANGAN,KEMBANGAN UTARA,Cerai Hidup,
2017,JAKARTA BARAT,KEMBANGAN,MERUYA UTARA,Cerai Hidup,2.00
2017,JAKARTA BARAT,KEMBANGAN,MERUYA SELATAN,Cerai Hidup,3.00
2017,JAKARTA BARAT,KEMBANGAN,SRENGSENG,Cerai Hidup,9.00
2017,JAKARTA BARAT,KEMBANGAN,JOGLO,Cerai Hidup,2.00
2017,JAKARTA BARAT,KEMBANGAN,KEMBANGAN SELATAN,Cerai Hidup,1.00
2017,JAKARTA SELATAN,TEBET,TEBET TIMUR,Cerai Hidup,7.00
2017,JAKARTA SELATAN,TEBET,TEBET BARAT,Cerai Hidup,4.00
2017,JAKARTA SELATAN,TEBET,MENTENG DALAM,Cerai Hidup,5.00
2017,JAKARTA SELATAN,TEBET,KEBON BARU,Cerai Hidup,6.00
2017,JAKARTA SELATAN,TEBET,BUKIT DURI,Cerai Hidup,3.00
2017,JAKARTA SELATAN,TEBET,MANGGARAI SELATAN,Cerai Hidup,2.00
2017,JAKARTA SELATAN,TEBET,MANGGARAI,Cerai Hidup,2.00
2017,JAKARTA SELATAN,SETIA BUDI,SETIA BUDI,Cerai Hidup,1.00
2017,JAKARTA SELATAN,SETIA BUDI,KARET SEMANGGI,Cerai Hidup,
2017,JAKARTA SELATAN,SETIA BUDI,KARET KUNINGAN,Cerai Hidup,1.00
2017,JAKARTA SELATAN,SETIA BUDI,KARET,Cerai Hidup,2.00
2017,JAKARTA SELATAN,SETIA BUDI,MENTENG ATAS,Cerai Hidup,5.00
2017,JAKARTA SELATAN,SETIA BUDI,PASAR MANGGIS,Cerai Hidup,2.00
2017,JAKARTA SELATAN,SETIA BUDI,GUNTUR,Cerai Hidup,
2017,JAKARTA SELATAN,SETIA BUDI,KUNINGAN TIMUR,Cerai Hidup,2.00
2017,JAKARTA SELATAN,MAMPANG PRAPATAN,MAMPANG PRAPATAN,Cerai Hidup,4.00
2017,JAKARTA SELATAN,MAMPANG PRAPATAN,BANGKA,Cerai Hidup,1.00
2017,JAKARTA SELATAN,MAMPANG PRAPATAN,PELA MAMPANG,Cerai Hidup,5.00
2017,JAKARTA SELATAN,MAMPANG PRAPATAN,TEGAL PARANG,Cerai Hidup,
2017,JAKARTA SELATAN,MAMPANG PRAPATAN,KUNINGAN BARAT,Cerai Hidup,
2017,JAKARTA SELATAN,PASAR MINGGU,PASAR MINGGU,Cerai Hidup,2.00
2017,JAKARTA SELATAN,PASAR MINGGU,JATI PADANG,Cerai Hidup,2.00
2017,JAKARTA SELATAN,PASAR MINGGU,CILANDAK TIMUR,Cerai Hidup,3.00
2017,JAKARTA SELATAN,PASAR MINGGU,RAGUNAN,Cerai Hidup,2.00
2017,JAKARTA SELATAN,PASAR MINGGU,PEJATEN TIMUR,Cerai Hidup,4.00
2017,JAKARTA SELATAN,PASAR MINGGU,PEJATEN BARAT,Cerai Hidup,5.00
2017,JAKARTA SELATAN,PASAR MINGGU,KEBAGUSAN,Cerai Hidup,9.00
2017,JAKARTA SELATAN,KEBAYORAN LAMA,KEBAYORAN LAMA UTARA,Cerai Hidup,2.00
2017,JAKARTA SELATAN,KEBAYORAN LAMA,PONDOK PINANG,Cerai Hidup,5.00
2017,JAKARTA SELATAN,KEBAYORAN LAMA,CIPULIR,Cerai Hidup,2.00
2017,JAKARTA SELATAN,KEBAYORAN LAMA,GROGOL UTARA,Cerai Hidup,6.00
2017,JAKARTA SELATAN,KEBAYORAN LAMA,GROGOL SELATAN,Cerai Hidup,4.00
2017,JAKARTA SELATAN,KEBAYORAN LAMA,KEBAYORAN LAMA SELATAN,Cerai Hidup,2.00
2017,JAKARTA SELATAN,CILANDAK,CILANDAK BARAT,Cerai Hidup,2.00
2017,JAKARTA SELATAN,CILANDAK,LEBAK BULUS,Cerai Hidup,4.00
2017,JAKARTA SELATAN,CILANDAK,PONDOK LABU,Cerai Hidup,6.00
2017,JAKARTA SELATAN,CILANDAK,GANDARIA SELATAN,Cerai Hidup,1.00
2017,JAKARTA SELATAN,CILANDAK,CIPETE SELATAN,Cerai Hidup,2.00
2017,JAKARTA SELATAN,KEBAYORAN BARU,MELAWAI,Cerai Hidup,
2017,JAKARTA SELATAN,KEBAYORAN BARU,GUNUNG,Cerai Hidup,1.00
2017,JAKARTA SELATAN,KEBAYORAN BARU,KRAMAT PELA,Cerai Hidup,
2017,JAKARTA SELATAN,KEBAYORAN BARU,SELONG,Cerai Hidup,1.00
2017,JAKARTA SELATAN,KEBAYORAN BARU,RAWA BARAT,Cerai Hidup,
2017,JAKARTA SELATAN,KEBAYORAN BARU,SENAYAN,Cerai Hidup,
2017,JAKARTA SELATAN,KEBAYORAN BARU,PULO,Cerai Hidup,1.00
2017,JAKARTA SELATAN,KEBAYORAN BARU,PETOGOGAN,Cerai Hidup,2.00
2017,JAKARTA SELATAN,KEBAYORAN BARU,GANDARIA UTARA,Cerai Hidup,7.00
2017,JAKARTA SELATAN,KEBAYORAN BARU,CIPETE UTARA,Cerai Hidup,3.00
2017,JAKARTA SELATAN,PANCORAN,PANCORAN,Cerai Hidup,
2017,JAKARTA SELATAN,PANCORAN,KALIBATA,Cerai Hidup,5.00
2017,JAKARTA SELATAN,PANCORAN,RAWA JATI,Cerai Hidup,3.00
2017,JAKARTA SELATAN,PANCORAN,DUREN TIGA,Cerai Hidup,1.00
2017,JAKARTA SELATAN,PANCORAN,PENGADEGAN,Cerai Hidup,2.00
2017,JAKARTA SELATAN,PANCORAN,CIKOKO,Cerai Hidup,3.00
2017,JAKARTA SELATAN,JAGAKARSA,JAGAKARSA,Cerai Hidup,3.00
2017,JAKARTA SELATAN,JAGAKARSA,SRENGSENG SAWAH,Cerai Hidup,7.00
2017,JAKARTA SELATAN,JAGAKARSA,CIGANJUR,Cerai Hidup,3.00
2017,JAKARTA SELATAN,JAGAKARSA,LENTENG AGUNG,Cerai Hidup,16.00
2017,JAKARTA SELATAN,JAGAKARSA,TANJUNG BARAT,Cerai Hidup,3.00
2017,JAKARTA SELATAN,JAGAKARSA,CIPEDAK,Cerai Hidup,3.00
2017,JAKARTA SELATAN,PESANGGRAHAN,PESANGGRAHAN,Cerai Hidup,3.00
2017,JAKARTA SELATAN,PESANGGRAHAN,BINTARO,Cerai Hidup,1.00
2017,JAKARTA SELATAN,PESANGGRAHAN,PETUKANGAN UTARA,Cerai Hidup,2.00
2017,JAKARTA SELATAN,PESANGGRAHAN,PETUKANGAN SELATAN,Cerai Hidup,2.00
2017,JAKARTA SELATAN,PESANGGRAHAN,ULUJAMI,Cerai Hidup,1.00
2017,JAKARTA TIMUR,MATRAMAN,PISANGAN BARU,Cerai Hidup,6.00
2017,JAKARTA TIMUR,MATRAMAN,UTAN KAYU UTARA,Cerai Hidup,2.00
2017,JAKARTA TIMUR,MATRAMAN,KAYU MANIS,Cerai Hidup,3.00
2017,JAKARTA TIMUR,MATRAMAN,PAL MERIAM,Cerai Hidup,2.00
2017,JAKARTA TIMUR,MATRAMAN,KEBON MANGGIS,Cerai Hidup,
2017,JAKARTA TIMUR,MATRAMAN,UTAN KAYU SELATAN,Cerai Hidup,4.00
2017,JAKARTA TIMUR,PULO GADUNG,PULO GADUNG,Cerai Hidup,1.00
2017,JAKARTA TIMUR,PULO GADUNG,PISANGAN TIMUR,Cerai Hidup,5.00
2017,JAKARTA TIMUR,PULO GADUNG,CIPINANG,Cerai Hidup,
2017,JAKARTA TIMUR,PULO GADUNG,JATINEGARA KAUM,Cerai Hidup,
2017,JAKARTA TIMUR,PULO GADUNG,RAWAMANGUN,Cerai Hidup,3.00
2017,JAKARTA TIMUR,PULO GADUNG,KAYU PUTIH,Cerai Hidup,5.00
2017,JAKARTA TIMUR,PULO GADUNG,JATI,Cerai Hidup,4.00
2017,JAKARTA TIMUR,JATINEGARA,KAMPUNG MELAYU,Cerai Hidup,4.00
2017,JAKARTA TIMUR,JATINEGARA,BIDARA CINA,Cerai Hidup,7.00
2017,JAKARTA TIMUR,JATINEGARA,BALI MESTER,Cerai Hidup,1.00
2017,JAKARTA TIMUR,JATINEGARA,RAWA BUNGA,Cerai Hidup,4.00
2017,JAKARTA TIMUR,JATINEGARA,CIPINANG CEMPEDAK,Cerai Hidup,3.00
2017,JAKARTA TIMUR,JATINEGARA,CIPINANG MUARA,Cerai Hidup,8.00
2017,JAKARTA TIMUR,JATINEGARA,CIPINANG BESAR SELATAN,Cerai Hidup,5.00
2017,JAKARTA TIMUR,JATINEGARA,CIPINANG BESAR UTARA,Cerai Hidup,11.00
2017,JAKARTA TIMUR,KRAMAT JATI,KRAMAT JATI,Cerai Hidup,2.00
2017,JAKARTA TIMUR,KRAMAT JATI,KAMPUNG TENGAH,Cerai Hidup,2.00
2017,JAKARTA TIMUR,KRAMAT JATI,DUKUH,Cerai Hidup,6.00
2017,JAKARTA TIMUR,KRAMAT JATI,BATU AMPAR,Cerai Hidup,1.00
2017,JAKARTA TIMUR,KRAMAT JATI,BALE KAMBANG,Cerai Hidup,3.00
2017,JAKARTA TIMUR,KRAMAT JATI,CILILITAN,Cerai Hidup,4.00
2017,JAKARTA TIMUR,KRAMAT JATI,CAWANG,Cerai Hidup,2.00
2017,JAKARTA TIMUR,PASAR REBO,GEDONG,Cerai Hidup,2.00
2017,JAKARTA TIMUR,PASAR REBO,BARU,Cerai Hidup,3.00
2017,JAKARTA TIMUR,PASAR REBO,CIJANTUNG,Cerai Hidup,1.00
2017,JAKARTA TIMUR,PASAR REBO,KALISARI,Cerai Hidup,3.00
2017,JAKARTA TIMUR,PASAR REBO,PEKAYON,Cerai Hidup,3.00
2017,JAKARTA TIMUR,CAKUNG,JATINEGARA,Cerai Hidup,3.00
2017,JAKARTA TIMUR,CAKUNG,RAWA TERATE,Cerai Hidup,1.00
2017,JAKARTA TIMUR,CAKUNG,PENGGILINGAN,Cerai Hidup,8.00
2017,JAKARTA TIMUR,CAKUNG,CAKUNG TIMUR,Cerai Hidup,3.00
2017,JAKARTA TIMUR,CAKUNG,PULO GEBANG,Cerai Hidup,5.00
2017,JAKARTA TIMUR,CAKUNG,UJUNG MENTENG,Cerai Hidup,1.00
2017,JAKARTA TIMUR,CAKUNG,CAKUNG BARAT,Cerai Hidup,4.00
2017,JAKARTA TIMUR,DUREN SAWIT,DUREN SAWIT,Cerai Hidup,2.00
2017,JAKARTA TIMUR,DUREN SAWIT,PONDOK BAMBU,Cerai Hidup,4.00
2017,JAKARTA TIMUR,DUREN SAWIT,KLENDER,Cerai Hidup,3.00
2017,JAKARTA TIMUR,DUREN SAWIT,PONDOK KELAPA,Cerai Hidup,8.00
2017,JAKARTA TIMUR,DUREN SAWIT,MALAKA SARI,Cerai Hidup,2.00
2017,JAKARTA TIMUR,DUREN SAWIT,MALAKA JAYA,Cerai Hidup,8.00
2017,JAKARTA TIMUR,DUREN SAWIT,PONDOK KOPI,Cerai Hidup,3.00
2017,JAKARTA TIMUR,MAKASAR,MAKASAR,Cerai Hidup,3.00
2017,JAKARTA TIMUR,MAKASAR,PINANG RANTI,Cerai Hidup,3.00
2017,JAKARTA TIMUR,MAKASAR,KEBON PALA,Cerai Hidup,3.00
2017,JAKARTA TIMUR,MAKASAR,HALIM PERDANA KUSUMAH,Cerai Hidup,
2017,JAKARTA TIMUR,MAKASAR,CIPINANG MELAYU,Cerai Hidup,4.00
2017,JAKARTA TIMUR,CIRACAS,CIRACAS,Cerai Hidup,4.00
2017,JAKARTA TIMUR,CIRACAS,CIBUBUR,Cerai Hidup,6.00
2017,JAKARTA TIMUR,CIRACAS,KELAPA DUA WETAN,Cerai Hidup,2.00
2017,JAKARTA TIMUR,CIRACAS,SUSUKAN,Cerai Hidup,2.00
2017,JAKARTA TIMUR,CIRACAS,RAMBUTAN,Cerai Hidup,5.00
2017,JAKARTA TIMUR,CIPAYUNG,CIPAYUNG,Cerai Hidup,3.00
2017,JAKARTA TIMUR,CIPAYUNG,CILANGKAP,Cerai Hidup,1.00
2017,JAKARTA TIMUR,CIPAYUNG,PONDOK RANGGON,Cerai Hidup,
2017,JAKARTA TIMUR,CIPAYUNG,MUNJUL,Cerai Hidup,3.00
2017,JAKARTA TIMUR,CIPAYUNG,SETU,Cerai Hidup,1.00
2017,JAKARTA TIMUR,CIPAYUNG,BAMBU APUS,Cerai Hidup,1.00
2017,JAKARTA TIMUR,CIPAYUNG,LUBANG BUAYA,Cerai Hidup,3.00
2017,JAKARTA TIMUR,CIPAYUNG,CEGER,Cerai Hidup,1.00
2017,KAB.ADM.KEP.SERIBU,KEP. SERIBU UTR,P. PANGGANG,Cerai Mati,2.00
2017,KAB.ADM.KEP.SERIBU,KEP. SERIBU UTR,P. KELAPA,Cerai Mati,1.00
2017,KAB.ADM.KEP.SERIBU,KEP. SERIBU UTR,P. HARAPAN,Cerai Mati,
2017,KAB.ADM.KEP.SERIBU,KEP. SERIBU SLT,P. UNTUNG JAWA,Cerai Mati,1.00
2017,KAB.ADM.KEP.SERIBU,KEP. SERIBU SLT,P. TIDUNG,Cerai Mati,10.00
2017,KAB.ADM.KEP.SERIBU,KEP. SERIBU SLT,P. PARI,Cerai Mati,
2017,JAKARTA PUSAT,GAMBIR,GAMBIR,Cerai Mati,3.00
2017,JAKARTA PUSAT,GAMBIR,CIDENG,Cerai Mati,9.00
2017,JAKARTA PUSAT,GAMBIR,PETOJO UTARA,Cerai Mati,27.00
2017,JAKARTA PUSAT,GAMBIR,PETOJO SELATAN,Cerai Mati,27.00
2017,JAKARTA PUSAT,GAMBIR,KEBON KELAPA,Cerai Mati,17.00
2017,JAKARTA PUSAT,GAMBIR,DURI PULO,Cerai Mati,38.00
2017,JAKARTA PUSAT,SAWAH BESAR,PASAR BARU,Cerai Mati,15.00
2017,JAKARTA PUSAT,SAWAH BESAR,KARANG ANYAR,Cerai Mati,18.00
2017,JAKARTA PUSAT,SAWAH BESAR,KARTINI,Cerai Mati,22.00
2017,JAKARTA PUSAT,SAWAH BESAR,GUNUNG SAHARI UTARA,Cerai Mati,27.00
2017,JAKARTA PUSAT,SAWAH BESAR,MANGGA DUA SELATAN,Cerai Mati,37.00
2017,JAKARTA PUSAT,KEMAYORAN,KEMAYORAN,Cerai Mati,27.00
2017,JAKARTA PUSAT,KEMAYORAN,KEBON KOSONG,Cerai Mati,19.00
2017,JAKARTA PUSAT,KEMAYORAN,HARAPAN MULIA,Cerai Mati,22.00
2017,JAKARTA PUSAT,KEMAYORAN,SERDANG,Cerai Mati,49.00
2017,JAKARTA PUSAT,KEMAYORAN,GUNUNG SAHARI SELATAN,Cerai Mati,43.00
2017,JAKARTA PUSAT,KEMAYORAN,CEMPAKA BARU,Cerai Mati,44.00
2017,JAKARTA PUSAT,KEMAYORAN,SUMUR BATU,Cerai Mati,26.00
2017,JAKARTA PUSAT,KEMAYORAN,UTAN PANJANG,Cerai Mati,34.00
2017,JAKARTA PUSAT,SENEN,SENEN,Cerai Mati,4.00
2017,JAKARTA PUSAT,SENEN,KENARI,Cerai Mati,16.00
2017,JAKARTA PUSAT,SENEN,PASEBAN,Cerai Mati,46.00
2017,JAKARTA PUSAT,SENEN,KRAMAT,Cerai Mati,47.00
2017,JAKARTA PUSAT,SENEN,KWITANG,Cerai Mati,30.00
2017,JAKARTA PUSAT,SENEN,BUNGUR,Cerai Mati,12.00
2017,JAKARTA PUSAT,CEMPAKA PUTIH,CEMPAKA PUTIH TIMUR,Cerai Mati,24.00
2017,JAKARTA PUSAT,CEMPAKA PUTIH,CEMPAKA PUTIH BARAT,Cerai Mati,12.00
2017,JAKARTA PUSAT,CEMPAKA PUTIH,RAWASARI,Cerai Mati,23.00
2017,JAKARTA PUSAT,MENTENG,MENTENG,Cerai Mati,23.00
2017,JAKARTA PUSAT,MENTENG,PEGANGSAAN,Cerai Mati,28.00
2017,JAKARTA PUSAT,MENTENG,CIKINI,Cerai Mati,8.00
2017,JAKARTA PUSAT,MENTENG,GONDANGDIA,Cerai Mati,9.00
2017,JAKARTA PUSAT,MENTENG,KEBON SIRIH,Cerai Mati,11.00
2017,JAKARTA PUSAT,TANAH ABANG,GELORA,Cerai Mati,3.00
2017,JAKARTA PUSAT,TANAH ABANG,BENDUNGAN HILIR,Cerai Mati,37.00
2017,JAKARTA PUSAT,TANAH ABANG,KARET TENGSIN,Cerai Mati,9.00
2017,JAKARTA PUSAT,TANAH ABANG,PETAMBURAN,Cerai Mati,4.00
2017,JAKARTA PUSAT,TANAH ABANG,KEBON MELATI,Cerai Mati,18.00
2017,JAKARTA PUSAT,TANAH ABANG,KEBON KACANG,Cerai Mati,8.00
2017,JAKARTA PUSAT,TANAH ABANG,KAMPUNG BALI,Cerai Mati,18.00
2017,JAKARTA PUSAT,JOHAR BARU,JOHAR BARU,Cerai Mati,9.00
2017,JAKARTA PUSAT,JOHAR BARU,KAMPUNG RAWA,Cerai Mati,20.00
2017,JAKARTA PUSAT,JOHAR BARU,GALUR,Cerai Mati,23.00
2017,JAKARTA PUSAT,JOHAR BARU,TANAH TINGGI,Cerai Mati,60.00
2017,JAKARTA UTARA,PENJARINGAN,PENJARINGAN,Cerai Mati,51.00
2017,JAKARTA UTARA,PENJARINGAN,KAMAL MUARA,Cerai Mati,13.00
2017,JAKARTA UTARA,PENJARINGAN,KAPUK MUARA,Cerai Mati,20.00
2017,JAKARTA UTARA,PENJARINGAN,PEJAGALAN,Cerai Mati,39.00
2017,JAKARTA UTARA,PENJARINGAN,PLUIT,Cerai Mati,34.00
2017,JAKARTA UTARA,TANJUNG PRIOK,TANJUNG PRIOK,Cerai Mati,34.00
2017,JAKARTA UTARA,TANJUNG PRIOK,SUNTER JAYA,Cerai Mati,35.00
2017,JAKARTA UTARA,TANJUNG PRIOK,PAPANGGO,Cerai Mati,35.00
2017,JAKARTA UTARA,TANJUNG PRIOK,SUNGAI BAMBU,Cerai Mati,51.00
2017,JAKARTA UTARA,TANJUNG PRIOK,KEBON BAWANG,Cerai Mati,51.00
2017,JAKARTA UTARA,TANJUNG PRIOK,SUNTER AGUNG,Cerai Mati,31.00
2017,JAKARTA UTARA,TANJUNG PRIOK,WARAKAS,Cerai Mati,38.00
2017,JAKARTA UTARA,KOJA,KOJA,Cerai Mati,36.00
2017,JAKARTA UTARA,KOJA,TUGU UTARA,Cerai Mati,51.00
2017,JAKARTA UTARA,KOJA,LAGOA,Cerai Mati,78.00
2017,JAKARTA UTARA,KOJA,RAWA BADAK UTARA,Cerai Mati,56.00
2017,JAKARTA UTARA,KOJA,TUGU SELATAN,Cerai Mati,22.00
2017,JAKARTA UTARA,KOJA,RAWA BADAK SELATAN,Cerai Mati,34.00
2017,JAKARTA UTARA,CILINCING,CILINCING,Cerai Mati,33.00
2017,JAKARTA UTARA,CILINCING,SUKAPURA,Cerai Mati,14.00
2017,JAKARTA UTARA,CILINCING,MARUNDA,Cerai Mati,27.00
2017,JAKARTA UTARA,CILINCING,KALI BARU,Cerai Mati,70.00
2017,JAKARTA UTARA,CILINCING,SEMPER TIMUR,Cerai Mati,28.00
2017,JAKARTA UTARA,CILINCING,ROROTAN,Cerai Mati,29.00
2017,JAKARTA UTARA,CILINCING,SEMPER BARAT,Cerai Mati,69.00
2017,JAKARTA UTARA,PADEMANGAN,PADEMANGAN TIMUR,Cerai Mati,31.00
2017,JAKARTA UTARA,PADEMANGAN,PADEMANGAN BARAT,Cerai Mati,49.00
2017,JAKARTA UTARA,PADEMANGAN,ANCOL,Cerai Mati,17.00
2017,JAKARTA UTARA,KELAPA GADING,KELAPA GADING TIMUR,Cerai Mati,36.00
2017,JAKARTA UTARA,KELAPA GADING,PEGANGSAAN DUA,Cerai Mati,25.00
2017,JAKARTA UTARA,KELAPA GADING,KELAPA GADING BARAT,Cerai Mati,29.00
2017,JAKARTA BARAT,CENGKARENG,CENGKARENG BARAT,Cerai Mati,33.00
2017,JAKARTA BARAT,CENGKARENG,DURI KOSAMBI,Cerai Mati,21.00
2017,JAKARTA BARAT,CENGKARENG,RAWA BUAYA,Cerai Mati,7.00
2017,JAKARTA BARAT,CENGKARENG,KEDAUNG KALI ANGKE,Cerai Mati,10.00
2017,JAKARTA BARAT,CENGKARENG,KAPUK,Cerai Mati,43.00
2017,JAKARTA BARAT,CENGKARENG,CENGKARENG TIMUR,Cerai Mati,38.00
2017,JAKARTA BARAT,GROGOL PETAMBURAN,GROGOL,Cerai Mati,23.00
2017,JAKARTA BARAT,GROGOL PETAMBURAN,TANJUNG DUREN UTARA,Cerai Mati,15.00
2017,JAKARTA BARAT,GROGOL PETAMBURAN,TOMANG,Cerai Mati,18.00
2017,JAKARTA BARAT,GROGOL PETAMBURAN,JELAMBAR,Cerai Mati,29.00
2017,JAKARTA BARAT,GROGOL PETAMBURAN,TANJUNG DUREN SELATAN,Cerai Mati,30.00
2017,JAKARTA BARAT,GROGOL PETAMBURAN,JELAMBAR BARU,Cerai Mati,29.00
2017,JAKARTA BARAT,GROGOL PETAMBURAN,WIJAYA KUSUMA,Cerai Mati,20.00
2017,JAKARTA BARAT,TAMAN SARI,TAMAN SARI,Cerai Mati,22.00
2017,JAKARTA BARAT,TAMAN SARI,KRUKUT,Cerai Mati,9.00
2017,JAKARTA BARAT,TAMAN SARI,MAPHAR,Cerai Mati,21.00
2017,JAKARTA BARAT,TAMAN SARI,TANGKI,Cerai Mati,10.00
2017,JAKARTA BARAT,TAMAN SARI,MANGGA BESAR,Cerai Mati,12.00
2017,JAKARTA BARAT,TAMAN SARI,KEAGUNGAN,Cerai Mati,6.00
2017,JAKARTA BARAT,TAMAN SARI,GLODOK,Cerai Mati,13.00
2017,JAKARTA BARAT,TAMAN SARI,PINANGSIA,Cerai Mati,2.00
2017,JAKARTA BARAT,TAMBORA,TAMBORA,Cerai Mati,5.00
2017,JAKARTA BARAT,TAMBORA,KALI ANYAR,Cerai Mati,16.00
2017,JAKARTA BARAT,TAMBORA,DURI UTARA,Cerai Mati,28.00
2017,JAKARTA BARAT,TAMBORA,TANAH SEREAL,Cerai Mati,43.00
2017,JAKARTA BARAT,TAMBORA,KERENDANG,Cerai Mati,4.00
2017,JAKARTA BARAT,TAMBORA,JEMBATAN BESI,Cerai Mati,13.00
2017,JAKARTA BARAT,TAMBORA,ANGKE,Cerai Mati,28.00
2017,JAKARTA BARAT,TAMBORA,JEMBATAN LIMA,Cerai Mati,22.00
2017,JAKARTA BARAT,TAMBORA,PEKOJAN,Cerai Mati,45.00
2017,JAKARTA BARAT,TAMBORA,ROA MALAKA,Cerai Mati,3.00
2017,JAKARTA BARAT,TAMBORA,DURI SELATAN,Cerai Mati,15.00
2017,JAKARTA BARAT,KEBON JERUK,KEBON JERUK,Cerai Mati,30.00
2017,JAKARTA BARAT,KEBON JERUK,SUKABUMI UTARA,Cerai Mati,28.00
2017,JAKARTA BARAT,KEBON JERUK,SUKABUMI SELATAN,Cerai Mati,19.00
2017,JAKARTA BARAT,KEBON JERUK,KELAPA DUA,Cerai Mati,12.00
2017,JAKARTA BARAT,KEBON JERUK,DURI KEPA,Cerai Mati,28.00
2017,JAKARTA BARAT,KEBON JERUK,KEDOYA UTARA,Cerai Mati,24.00
2017,JAKARTA BARAT,KEBON JERUK,KEDOYA SELATAN,Cerai Mati,8.00
2017,JAKARTA BARAT,KALI DERES,KALIDERES,Cerai Mati,47.00
2017,JAKARTA BARAT,KALI DERES,SEMANAN,Cerai Mati,27.00
2017,JAKARTA BARAT,KALI DERES,TEGAL ALUR,Cerai Mati,45.00
2017,JAKARTA BARAT,KALI DERES,KAMAL,Cerai Mati,28.00
2017,JAKARTA BARAT,KALI DERES,PEGADUNGAN,Cerai Mati,20.00
2017,JAKARTA BARAT,PALMERAH,PALMERAH,Cerai Mati,55.00
2017,JAKARTA BARAT,PALMERAH,SLIPI,Cerai Mati,7.00
2017,JAKARTA BARAT,PALMERAH,KOTA BAMBU UTARA,Cerai Mati,17.00
2017,JAKARTA BARAT,PALMERAH,JATI PULO,Cerai Mati,41.00
2017,JAKARTA BARAT,PALMERAH,KEMANGGISAN,Cerai Mati,30.00
2017,JAKARTA BARAT,PALMERAH,KOTA BAMBU SELATAN,Cerai Mati,18.00
2017,JAKARTA BARAT,KEMBANGAN,KEMBANGAN UTARA,Cerai Mati,23.00
2017,JAKARTA BARAT,KEMBANGAN,MERUYA UTARA,Cerai Mati,32.00
2017,JAKARTA BARAT,KEMBANGAN,MERUYA SELATAN,Cerai Mati,8.00
2017,JAKARTA BARAT,KEMBANGAN,SRENGSENG,Cerai Mati,19.00
2017,JAKARTA BARAT,KEMBANGAN,JOGLO,Cerai Mati,11.00
2017,JAKARTA BARAT,KEMBANGAN,KEMBANGAN SELATAN,Cerai Mati,12.00
2017,JAKARTA SELATAN,TEBET,TEBET TIMUR,Cerai Mati,36.00
2017,JAKARTA SELATAN,TEBET,TEBET BARAT,Cerai Mati,51.00
2017,JAKARTA SELATAN,TEBET,MENTENG DALAM,Cerai Mati,50.00
2017,JAKARTA SELATAN,TEBET,KEBON BARU,Cerai Mati,58.00
2017,JAKARTA SELATAN,TEBET,BUKIT DURI,Cerai Mati,49.00
2017,JAKARTA SELATAN,TEBET,MANGGARAI SELATAN,Cerai Mati,47.00
2017,JAKARTA SELATAN,TEBET,MANGGARAI,Cerai Mati,45.00
2017,JAKARTA SELATAN,SETIA BUDI,SETIA BUDI,Cerai Mati,2.00
2017,JAKARTA SELATAN,SETIA BUDI,KARET SEMANGGI,Cerai Mati,1.00
2017,JAKARTA SELATAN,SETIA BUDI,KARET KUNINGAN,Cerai Mati,23.00
2017,JAKARTA SELATAN,SETIA BUDI,KARET,Cerai Mati,7.00
2017,JAKARTA SELATAN,SETIA BUDI,MENTENG ATAS,Cerai Mati,46.00
2017,JAKARTA SELATAN,SETIA BUDI,PASAR MANGGIS,Cerai Mati,25.00
2017,JAKARTA SELATAN,SETIA BUDI,GUNTUR,Cerai Mati,4.00
2017,JAKARTA SELATAN,SETIA BUDI,KUNINGAN TIMUR,Cerai Mati,5.00
2017,JAKARTA SELATAN,MAMPANG PRAPATAN,MAMPANG PRAPATAN,Cerai Mati,27.00
2017,JAKARTA SELATAN,MAMPANG PRAPATAN,BANGKA,Cerai Mati,10.00
2017,JAKARTA SELATAN,MAMPANG PRAPATAN,PELA MAMPANG,Cerai Mati,48.00
2017,JAKARTA SELATAN,MAMPANG PRAPATAN,TEGAL PARANG,Cerai Mati,20.00
2017,JAKARTA SELATAN,MAMPANG PRAPATAN,KUNINGAN BARAT,Cerai Mati,12.00
2017,JAKARTA SELATAN,PASAR MINGGU,PASAR MINGGU,Cerai Mati,31.00
2017,JAKARTA SELATAN,PASAR MINGGU,JATI PADANG,Cerai Mati,49.00
2017,JAKARTA SELATAN,PASAR MINGGU,CILANDAK TIMUR,Cerai Mati,22.00
2017,JAKARTA SELATAN,PASAR MINGGU,RAGUNAN,Cerai Mati,59.00
2017,JAKARTA SELATAN,PASAR MINGGU,PEJATEN TIMUR,Cerai Mati,69.00
2017,JAKARTA SELATAN,PASAR MINGGU,PEJATEN BARAT,Cerai Mati,47.00
2017,JAKARTA SELATAN,PASAR MINGGU,KEBAGUSAN,Cerai Mati,29.00
2017,JAKARTA SELATAN,KEBAYORAN LAMA,KEBAYORAN LAMA UTARA,Cerai Mati,25.00
2017,JAKARTA SELATAN,KEBAYORAN LAMA,PONDOK PINANG,Cerai Mati,62.00
2017,JAKARTA SELATAN,KEBAYORAN LAMA,CIPULIR,Cerai Mati,19.00
2017,JAKARTA SELATAN,KEBAYORAN LAMA,GROGOL UTARA,Cerai Mati,29.00
2017,JAKARTA SELATAN,KEBAYORAN LAMA,GROGOL SELATAN,Cerai Mati,45.00
2017,JAKARTA SELATAN,KEBAYORAN LAMA,KEBAYORAN LAMA SELATAN,Cerai Mati,23.00
2017,JAKARTA SELATAN,CILANDAK,CILANDAK BARAT,Cerai Mati,27.00
2017,JAKARTA SELATAN,CILANDAK,LEBAK BULUS,Cerai Mati,25.00
2017,JAKARTA SELATAN,CILANDAK,PONDOK LABU,Cerai Mati,32.00
2017,JAKARTA SELATAN,CILANDAK,GANDARIA SELATAN,Cerai Mati,24.00
2017,JAKARTA SELATAN,CILANDAK,CIPETE SELATAN,Cerai Mati,30.00
2017,JAKARTA SELATAN,KEBAYORAN BARU,MELAWAI,Cerai Mati,4.00
2017,JAKARTA SELATAN,KEBAYORAN BARU,GUNUNG,Cerai Mati,16.00
2017,JAKARTA SELATAN,KEBAYORAN BARU,KRAMAT PELA,Cerai Mati,9.00
2017,JAKARTA SELATAN,KEBAYORAN BARU,SELONG,Cerai Mati,4.00
2017,JAKARTA SELATAN,KEBAYORAN BARU,RAWA BARAT,Cerai Mati,5.00
2017,JAKARTA SELATAN,KEBAYORAN BARU,SENAYAN,Cerai Mati,3.00
2017,JAKARTA SELATAN,KEBAYORAN BARU,PULO,Cerai Mati,11.00
2017,JAKARTA SELATAN,KEBAYORAN BARU,PETOGOGAN,Cerai Mati,15.00
2017,JAKARTA SELATAN,KEBAYORAN BARU,GANDARIA UTARA,Cerai Mati,42.00
2017,JAKARTA SELATAN,KEBAYORAN BARU,CIPETE UTARA,Cerai Mati,29.00
2017,JAKARTA SELATAN,PANCORAN,PANCORAN,Cerai Mati,18.00
2017,JAKARTA SELATAN,PANCORAN,KALIBATA,Cerai Mati,40.00
2017,JAKARTA SELATAN,PANCORAN,RAWA JATI,Cerai Mati,19.00
2017,JAKARTA SELATAN,PANCORAN,DUREN TIGA,Cerai Mati,29.00
2017,JAKARTA SELATAN,PANCORAN,PENGADEGAN,Cerai Mati,27.00
2017,JAKARTA SELATAN,PANCORAN,CIKOKO,Cerai Mati,5.00
2017,JAKARTA SELATAN,JAGAKARSA,JAGAKARSA,Cerai Mati,56.00
2017,JAKARTA SELATAN,JAGAKARSA,SRENGSENG SAWAH,Cerai Mati,80.00
2017,JAKARTA SELATAN,JAGAKARSA,CIGANJUR,Cerai Mati,25.00
2017,JAKARTA SELATAN,JAGAKARSA,LENTENG AGUNG,Cerai Mati,76.00
2017,JAKARTA SELATAN,JAGAKARSA,TANJUNG BARAT,Cerai Mati,33.00
2017,JAKARTA SELATAN,JAGAKARSA,CIPEDAK,Cerai Mati,29.00
2017,JAKARTA SELATAN,PESANGGRAHAN,PESANGGRAHAN,Cerai Mati,18.00
2017,JAKARTA SELATAN,PESANGGRAHAN,BINTARO,Cerai Mati,42.00
2017,JAKARTA SELATAN,PESANGGRAHAN,PETUKANGAN UTARA,Cerai Mati,20.00
2017,JAKARTA SELATAN,PESANGGRAHAN,PETUKANGAN SELATAN,Cerai Mati,22.00
2017,JAKARTA SELATAN,PESANGGRAHAN,ULUJAMI,Cerai Mati,40.00
2017,JAKARTA TIMUR,MATRAMAN,PISANGAN BARU,Cerai Mati,76.00
2017,JAKARTA TIMUR,MATRAMAN,UTAN KAYU UTARA,Cerai Mati,20.00
2017,JAKARTA TIMUR,MATRAMAN,KAYU MANIS,Cerai Mati,51.00
2017,JAKARTA TIMUR,MATRAMAN,PAL MERIAM,Cerai Mati,20.00
2017,JAKARTA TIMUR,MATRAMAN,KEBON MANGGIS,Cerai Mati,33.00
2017,JAKARTA TIMUR,MATRAMAN,UTAN KAYU SELATAN,Cerai Mati,31.00
2017,JAKARTA TIMUR,PULO GADUNG,PULO GADUNG,Cerai Mati,16.00
2017,JAKARTA TIMUR,PULO GADUNG,PISANGAN TIMUR,Cerai Mati,53.00
2017,JAKARTA TIMUR,PULO GADUNG,CIPINANG,Cerai Mati,15.00
2017,JAKARTA TIMUR,PULO GADUNG,JATINEGARA KAUM,Cerai Mati,11.00
2017,JAKARTA TIMUR,PULO GADUNG,RAWAMANGUN,Cerai Mati,46.00
2017,JAKARTA TIMUR,PULO GADUNG,KAYU PUTIH,Cerai Mati,45.00
2017,JAKARTA TIMUR,PULO GADUNG,JATI,Cerai Mati,37.00
2017,JAKARTA TIMUR,JATINEGARA,KAMPUNG MELAYU,Cerai Mati,43.00
2017,JAKARTA TIMUR,JATINEGARA,BIDARA CINA,Cerai Mati,55.00
2017,JAKARTA TIMUR,JATINEGARA,BALI MESTER,Cerai Mati,11.00
2017,JAKARTA TIMUR,JATINEGARA,RAWA BUNGA,Cerai Mati,36.00
2017,JAKARTA TIMUR,JATINEGARA,CIPINANG CEMPEDAK,Cerai Mati,47.00
2017,JAKARTA TIMUR,JATINEGARA,CIPINANG MUARA,Cerai Mati,56.00
2017,JAKARTA TIMUR,JATINEGARA,CIPINANG BESAR SELATAN,Cerai Mati,38.00
2017,JAKARTA TIMUR,JATINEGARA,CIPINANG BESAR UTARA,Cerai Mati,58.00
2017,JAKARTA TIMUR,KRAMAT JATI,KRAMAT JATI,Cerai Mati,36.00
2017,JAKARTA TIMUR,KRAMAT JATI,KAMPUNG TENGAH,Cerai Mati,28.00
2017,JAKARTA TIMUR,KRAMAT JATI,DUKUH,Cerai Mati,36.00
2017,JAKARTA TIMUR,KRAMAT JATI,BATU AMPAR,Cerai Mati,29.00
2017,JAKARTA TIMUR,KRAMAT JATI,BALE KAMBANG,Cerai Mati,23.00
2017,JAKARTA TIMUR,KRAMAT JATI,CILILITAN,Cerai Mati,45.00
2017,JAKARTA TIMUR,KRAMAT JATI,CAWANG,Cerai Mati,39.00
2017,JAKARTA TIMUR,PASAR REBO,GEDONG,Cerai Mati,24.00
2017,JAKARTA TIMUR,PASAR REBO,BARU,Cerai Mati,11.00
2017,JAKARTA TIMUR,PASAR REBO,CIJANTUNG,Cerai Mati,30.00
2017,JAKARTA TIMUR,PASAR REBO,KALISARI,Cerai Mati,28.00
2017,JAKARTA TIMUR,PASAR REBO,PEKAYON,Cerai Mati,31.00
2017,JAKARTA TIMUR,CAKUNG,JATINEGARA,Cerai Mati,8.00
2017,JAKARTA TIMUR,CAKUNG,RAWA TERATE,Cerai Mati,7.00
2017,JAKARTA TIMUR,CAKUNG,PENGGILINGAN,Cerai Mati,76.00
2017,JAKARTA TIMUR,CAKUNG,CAKUNG TIMUR,Cerai Mati,20.00
2017,JAKARTA TIMUR,CAKUNG,PULO GEBANG,Cerai Mati,38.00
2017,JAKARTA TIMUR,CAKUNG,UJUNG MENTENG,Cerai Mati,16.00
2017,JAKARTA TIMUR,CAKUNG,CAKUNG BARAT,Cerai Mati,30.00
2017,JAKARTA TIMUR,DUREN SAWIT,DUREN SAWIT,Cerai Mati,53.00
2017,JAKARTA TIMUR,DUREN SAWIT,PONDOK BAMBU,Cerai Mati,31.00
2017,JAKARTA TIMUR,DUREN SAWIT,KLENDER,Cerai Mati,50.00
2017,JAKARTA TIMUR,DUREN SAWIT,PONDOK KELAPA,Cerai Mati,42.00
2017,JAKARTA TIMUR,DUREN SAWIT,MALAKA SARI,Cerai Mati,33.00
2017,JAKARTA TIMUR,DUREN SAWIT,MALAKA JAYA,Cerai Mati,55.00
2017,JAKARTA TIMUR,DUREN SAWIT,PONDOK KOPI,Cerai Mati,14.00
2017,JAKARTA TIMUR,MAKASAR,MAKASAR,Cerai Mati,32.00
2017,JAKARTA TIMUR,MAKASAR,PINANG RANTI,Cerai Mati,4.00
2017,JAKARTA TIMUR,MAKASAR,KEBON PALA,Cerai Mati,50.00
2017,JAKARTA TIMUR,MAKASAR,HALIM PERDANA KUSUMAH,Cerai Mati,5.00
2017,JAKARTA TIMUR,MAKASAR,CIPINANG MELAYU,Cerai Mati,38.00
2017,JAKARTA TIMUR,CIRACAS,CIRACAS,Cerai Mati,47.00
2017,JAKARTA TIMUR,CIRACAS,CIBUBUR,Cerai Mati,37.00
2017,JAKARTA TIMUR,CIRACAS,KELAPA DUA WETAN,Cerai Mati,46.00
2017,JAKARTA TIMUR,CIRACAS,SUSUKAN,Cerai Mati,17.00
2017,JAKARTA TIMUR,CIRACAS,RAMBUTAN,Cerai Mati,21.00
2017,JAKARTA TIMUR,CIPAYUNG,CIPAYUNG,Cerai Mati,24.00
2017,JAKARTA TIMUR,CIPAYUNG,CILANGKAP,Cerai Mati,12.00
2017,JAKARTA TIMUR,CIPAYUNG,PONDOK RANGGON,Cerai Mati,11.00
2017,JAKARTA TIMUR,CIPAYUNG,MUNJUL,Cerai Mati,18.00
2017,JAKARTA TIMUR,CIPAYUNG,SETU,Cerai Mati,9.00
2017,JAKARTA TIMUR,CIPAYUNG,BAMBU APUS,Cerai Mati,20.00
2017,JAKARTA TIMUR,CIPAYUNG,LUBANG BUAYA,Cerai Mati,47.00
2017,JAKARTA TIMUR,CIPAYUNG,CEGER,Cerai Mati,6.00
2017,KAB.ADM.KEP.SERIBU,KEP. SERIBU UTR,P. PANGGANG,Kawin,8.00
2017,KAB.ADM.KEP.SERIBU,KEP. SERIBU UTR,P. KELAPA,Kawin,11.00
2017,KAB.ADM.KEP.SERIBU,KEP. SERIBU UTR,P. HARAPAN,Kawin,6.00
2017,KAB.ADM.KEP.SERIBU,KEP. SERIBU SLT,P. UNTUNG JAWA,Kawin,2.00
2017,KAB.ADM.KEP.SERIBU,KEP. SERIBU SLT,P. TIDUNG,Kawin,19.00
2017,KAB.ADM.KEP.SERIBU,KEP. SERIBU SLT,P. PARI,Kawin,4.00
2017,JAKARTA PUSAT,GAMBIR,GAMBIR,Kawin,9.00
2017,JAKARTA PUSAT,GAMBIR,CIDENG,Kawin,37.00
2017,JAKARTA PUSAT,GAMBIR,PETOJO UTARA,Kawin,94.00
2017,JAKARTA PUSAT,GAMBIR,PETOJO SELATAN,Kawin,58.00
2017,JAKARTA PUSAT,GAMBIR,KEBON KELAPA,Kawin,45.00
2017,JAKARTA PUSAT,GAMBIR,DURI PULO,Kawin,108.00
2017,JAKARTA PUSAT,SAWAH BESAR,PASAR BARU,Kawin,39.00
2017,JAKARTA PUSAT,SAWAH BESAR,KARANG ANYAR,Kawin,66.00
2017,JAKARTA PUSAT,SAWAH BESAR,KARTINI,Kawin,73.00
2017,JAKARTA PUSAT,SAWAH BESAR,GUNUNG SAHARI UTARA,Kawin,65.00
2017,JAKARTA PUSAT,SAWAH BESAR,MANGGA DUA SELATAN,Kawin,134.00
2017,JAKARTA PUSAT,KEMAYORAN,KEMAYORAN,Kawin,90.00
2017,JAKARTA PUSAT,KEMAYORAN,KEBON KOSONG,Kawin,105.00
2017,JAKARTA PUSAT,KEMAYORAN,HARAPAN MULIA,Kawin,84.00
2017,JAKARTA PUSAT,KEMAYORAN,SERDANG,Kawin,146.00
2017,JAKARTA PUSAT,KEMAYORAN,GUNUNG SAHARI SELATAN,Kawin,99.00
2017,JAKARTA PUSAT,KEMAYORAN,CEMPAKA BARU,Kawin,142.00
2017,JAKARTA PUSAT,KEMAYORAN,SUMUR BATU,Kawin,95.00
2017,JAKARTA PUSAT,KEMAYORAN,UTAN PANJANG,Kawin,143.00
2017,JAKARTA PUSAT,SENEN,SENEN,Kawin,32.00
2017,JAKARTA PUSAT,SENEN,KENARI,Kawin,40.00
2017,JAKARTA PUSAT,SENEN,PASEBAN,Kawin,89.00
2017,JAKARTA PUSAT,SENEN,KRAMAT,Kawin,123.00
2017,JAKARTA PUSAT,SENEN,KWITANG,Kawin,65.00
2017,JAKARTA PUSAT,SENEN,BUNGUR,Kawin,83.00
2017,JAKARTA PUSAT,CEMPAKA PUTIH,CEMPAKA PUTIH TIMUR,Kawin,59.00
2017,JAKARTA PUSAT,CEMPAKA PUTIH,CEMPAKA PUTIH BARAT,Kawin,46.00
2017,JAKARTA PUSAT,CEMPAKA PUTIH,RAWASARI,Kawin,60.00
2017,JAKARTA PUSAT,MENTENG,MENTENG,Kawin,135.00
2017,JAKARTA PUSAT,MENTENG,PEGANGSAAN,Kawin,113.00
2017,JAKARTA PUSAT,MENTENG,CIKINI,Kawin,38.00
2017,JAKARTA PUSAT,MENTENG,GONDANGDIA,Kawin,16.00
2017,JAKARTA PUSAT,MENTENG,KEBON SIRIH,Kawin,54.00
2017,JAKARTA PUSAT,TANAH ABANG,GELORA,Kawin,16.00
2017,JAKARTA PUSAT,TANAH ABANG,BENDUNGAN HILIR,Kawin,89.00
2017,JAKARTA PUSAT,TANAH ABANG,KARET TENGSIN,Kawin,33.00
2017,JAKARTA PUSAT,TANAH ABANG,PETAMBURAN,Kawin,30.00
2017,JAKARTA PUSAT,TANAH ABANG,KEBON MELATI,Kawin,59.00
2017,JAKARTA PUSAT,TANAH ABANG,KEBON KACANG,Kawin,50.00
2017,JAKARTA PUSAT,TANAH ABANG,KAMPUNG BALI,Kawin,57.00
2017,JAKARTA PUSAT,JOHAR BARU,JOHAR BARU,Kawin,26.00
2017,JAKARTA PUSAT,JOHAR BARU,KAMPUNG RAWA,Kawin,77.00
2017,JAKARTA PUSAT,JOHAR BARU,GALUR,Kawin,56.00
2017,JAKARTA PUSAT,JOHAR BARU,TANAH TINGGI,Kawin,139.00
2017,JAKARTA UTARA,PENJARINGAN,PENJARINGAN,Kawin,310.00
2017,JAKARTA UTARA,PENJARINGAN,KAMAL MUARA,Kawin,31.00
2017,JAKARTA UTARA,PENJARINGAN,KAPUK MUARA,Kawin,100.00
2017,JAKARTA UTARA,PENJARINGAN,PEJAGALAN,Kawin,383.00
2017,JAKARTA UTARA,PENJARINGAN,PLUIT,Kawin,167.00
2017,JAKARTA UTARA,TANJUNG PRIOK,TANJUNG PRIOK,Kawin,134.00
2017,JAKARTA UTARA,TANJUNG PRIOK,SUNTER JAYA,Kawin,204.00
2017,JAKARTA UTARA,TANJUNG PRIOK,PAPANGGO,Kawin,143.00
2017,JAKARTA UTARA,TANJUNG PRIOK,SUNGAI BAMBU,Kawin,117.00
2017,JAKARTA UTARA,TANJUNG PRIOK,KEBON BAWANG,Kawin,146.00
2017,JAKARTA UTARA,TANJUNG PRIOK,SUNTER AGUNG,Kawin,194.00
2017,JAKARTA UTARA,TANJUNG PRIOK,WARAKAS,Kawin,138.00
2017,JAKARTA UTARA,KOJA,KOJA,Kawin,124.00
2017,JAKARTA UTARA,KOJA,TUGU UTARA,Kawin,314.00
2017,JAKARTA UTARA,KOJA,LAGOA,Kawin,292.00
2017,JAKARTA UTARA,KOJA,RAWA BADAK UTARA,Kawin,181.00
2017,JAKARTA UTARA,KOJA,TUGU SELATAN,Kawin,117.00
2017,JAKARTA UTARA,KOJA,RAWA BADAK SELATAN,Kawin,192.00
2017,JAKARTA UTARA,CILINCING,CILINCING,Kawin,189.00
2017,JAKARTA UTARA,CILINCING,SUKAPURA,Kawin,144.00
2017,JAKARTA UTARA,CILINCING,MARUNDA,Kawin,104.00
2017,JAKARTA UTARA,CILINCING,KALI BARU,Kawin,360.00
2017,JAKARTA UTARA,CILINCING,SEMPER TIMUR,Kawin,160.00
2017,JAKARTA UTARA,CILINCING,ROROTAN,Kawin,149.00
2017,JAKARTA UTARA,CILINCING,SEMPER BARAT,Kawin,273.00
2017,JAKARTA UTARA,PADEMANGAN,PADEMANGAN TIMUR,Kawin,173.00
2017,JAKARTA UTARA,PADEMANGAN,PADEMANGAN BARAT,Kawin,316.00
2017,JAKARTA UTARA,PADEMANGAN,ANCOL,Kawin,74.00
2017,JAKARTA UTARA,KELAPA GADING,KELAPA GADING TIMUR,Kawin,146.00
2017,JAKARTA UTARA,KELAPA GADING,PEGANGSAAN DUA,Kawin,158.00
2017,JAKARTA UTARA,KELAPA GADING,KELAPA GADING BARAT,Kawin,93.00
2017,JAKARTA BARAT,CENGKARENG,CENGKARENG BARAT,Kawin,298.00
2017,JAKARTA BARAT,CENGKARENG,DURI KOSAMBI,Kawin,269.00
2017,JAKARTA BARAT,CENGKARENG,RAWA BUAYA,Kawin,165.00
2017,JAKARTA BARAT,CENGKARENG,KEDAUNG KALI ANGKE,Kawin,134.00
2017,JAKARTA BARAT,CENGKARENG,KAPUK,Kawin,444.00
2017,JAKARTA BARAT,CENGKARENG,CENGKARENG TIMUR,Kawin,315.00
2017,JAKARTA BARAT,GROGOL PETAMBURAN,GROGOL,Kawin,94.00
2017,JAKARTA BARAT,GROGOL PETAMBURAN,TANJUNG DUREN UTARA,Kawin,84.00
2017,JAKARTA BARAT,GROGOL PETAMBURAN,TOMANG,Kawin,132.00
2017,JAKARTA BARAT,GROGOL PETAMBURAN,JELAMBAR,Kawin,146.00
2017,JAKARTA BARAT,GROGOL PETAMBURAN,TANJUNG DUREN SELATAN,Kawin,66.00
2017,JAKARTA BARAT,GROGOL PETAMBURAN,JELAMBAR BARU,Kawin,164.00
2017,JAKARTA BARAT,GROGOL PETAMBURAN,WIJAYA KUSUMA,Kawin,127.00
2017,JAKARTA BARAT,TAMAN SARI,TAMAN SARI,Kawin,66.00
2017,JAKARTA BARAT,TAMAN SARI,KRUKUT,Kawin,113.00
2017,JAKARTA BARAT,TAMAN SARI,MAPHAR,Kawin,84.00
2017,JAKARTA BARAT,TAMAN SARI,TANGKI,Kawin,69.00
2017,JAKARTA BARAT,TAMAN SARI,MANGGA BESAR,Kawin,49.00
2017,JAKARTA BARAT,TAMAN SARI,KEAGUNGAN,Kawin,91.00
2017,JAKARTA BARAT,TAMAN SARI,GLODOK,Kawin,54.00
2017,JAKARTA BARAT,TAMAN SARI,PINANGSIA,Kawin,54.00
2017,JAKARTA BARAT,TAMBORA,TAMBORA,Kawin,48.00
2017,JAKARTA BARAT,TAMBORA,KALI ANYAR,Kawin,84.00
2017,JAKARTA BARAT,TAMBORA,DURI UTARA,Kawin,83.00
2017,JAKARTA BARAT,TAMBORA,TANAH SEREAL,Kawin,134.00
2017,JAKARTA BARAT,TAMBORA,KERENDANG,Kawin,81.00
2017,JAKARTA BARAT,TAMBORA,JEMBATAN BESI,Kawin,114.00
2017,JAKARTA BARAT,TAMBORA,ANGKE,Kawin,134.00
2017,JAKARTA BARAT,TAMBORA,JEMBATAN LIMA,Kawin,101.00
2017,JAKARTA BARAT,TAMBORA,PEKOJAN,Kawin,99.00
2017,JAKARTA BARAT,TAMBORA,ROA MALAKA,Kawin,20.00
2017,JAKARTA BARAT,TAMBORA,DURI SELATAN,Kawin,82.00
2017,JAKARTA BARAT,KEBON JERUK,KEBON JERUK,Kawin,177.00
2017,JAKARTA BARAT,KEBON JERUK,SUKABUMI UTARA,Kawin,159.00
2017,JAKARTA BARAT,KEBON JERUK,SUKABUMI SELATAN,Kawin,176.00
2017,JAKARTA BARAT,KEBON JERUK,KELAPA DUA,Kawin,77.00
2017,JAKARTA BARAT,KEBON JERUK,DURI KEPA,Kawin,208.00
2017,JAKARTA BARAT,KEBON JERUK,KEDOYA UTARA,Kawin,136.00
2017,JAKARTA BARAT,KEBON JERUK,KEDOYA SELATAN,Kawin,119.00
2017,JAKARTA BARAT,KALI DERES,KALIDERES,Kawin,214.00
2017,JAKARTA BARAT,KALI DERES,SEMANAN,Kawin,256.00
2017,JAKARTA BARAT,KALI DERES,TEGAL ALUR,Kawin,290.00
2017,JAKARTA BARAT,KALI DERES,KAMAL,Kawin,191.00
2017,JAKARTA BARAT,KALI DERES,PEGADUNGAN,Kawin,258.00
2017,JAKARTA BARAT,PALMERAH,PALMERAH,Kawin,290.00
2017,JAKARTA BARAT,PALMERAH,SLIPI,Kawin,101.00
2017,JAKARTA BARAT,PALMERAH,KOTA BAMBU UTARA,Kawin,155.00
2017,JAKARTA BARAT,PALMERAH,JATI PULO,Kawin,127.00
2017,JAKARTA BARAT,PALMERAH,KEMANGGISAN,Kawin,170.00
2017,JAKARTA BARAT,PALMERAH,KOTA BAMBU SELATAN,Kawin,134.00
2017,JAKARTA BARAT,KEMBANGAN,KEMBANGAN UTARA,Kawin,169.00
2017,JAKARTA BARAT,KEMBANGAN,MERUYA UTARA,Kawin,132.00
2017,JAKARTA BARAT,KEMBANGAN,MERUYA SELATAN,Kawin,119.00
2017,JAKARTA BARAT,KEMBANGAN,SRENGSENG,Kawin,129.00
2017,JAKARTA BARAT,KEMBANGAN,JOGLO,Kawin,136.00
2017,JAKARTA BARAT,KEMBANGAN,KEMBANGAN SELATAN,Kawin,80.00
2017,JAKARTA SELATAN,TEBET,TEBET TIMUR,Kawin,79.00
2017,JAKARTA SELATAN,TEBET,TEBET BARAT,Kawin,89.00
2017,JAKARTA SELATAN,TEBET,MENTENG DALAM,Kawin,152.00
2017,JAKARTA SELATAN,TEBET,KEBON BARU,Kawin,152.00
2017,JAKARTA SELATAN,TEBET,BUKIT DURI,Kawin,171.00
2017,JAKARTA SELATAN,TEBET,MANGGARAI SELATAN,Kawin,136.00
2017,JAKARTA SELATAN,TEBET,MANGGARAI,Kawin,140.00
2017,JAKARTA SELATAN,SETIA BUDI,SETIA BUDI,Kawin,10.00
2017,JAKARTA SELATAN,SETIA BUDI,KARET SEMANGGI,Kawin,9.00
2017,JAKARTA SELATAN,SETIA BUDI,KARET KUNINGAN,Kawin,64.00
2017,JAKARTA SELATAN,SETIA BUDI,KARET,Kawin,43.00
2017,JAKARTA SELATAN,SETIA BUDI,MENTENG ATAS,Kawin,159.00
2017,JAKARTA SELATAN,SETIA BUDI,PASAR MANGGIS,Kawin,160.00
2017,JAKARTA SELATAN,SETIA BUDI,GUNTUR,Kawin,13.00
2017,JAKARTA SELATAN,SETIA BUDI,KUNINGAN TIMUR,Kawin,23.00
2017,JAKARTA SELATAN,MAMPANG PRAPATAN,MAMPANG PRAPATAN,Kawin,58.00
2017,JAKARTA SELATAN,MAMPANG PRAPATAN,BANGKA,Kawin,57.00
2017,JAKARTA SELATAN,MAMPANG PRAPATAN,PELA MAMPANG,Kawin,164.00
2017,JAKARTA SELATAN,MAMPANG PRAPATAN,TEGAL PARANG,Kawin,118.00
2017,JAKARTA SELATAN,MAMPANG PRAPATAN,KUNINGAN BARAT,Kawin,45.00
2017,JAKARTA SELATAN,PASAR MINGGU,PASAR MINGGU,Kawin,100.00
2017,JAKARTA SELATAN,PASAR MINGGU,JATI PADANG,Kawin,158.00
2017,JAKARTA SELATAN,PASAR MINGGU,CILANDAK TIMUR,Kawin,103.00
2017,JAKARTA SELATAN,PASAR MINGGU,RAGUNAN,Kawin,154.00
2017,JAKARTA SELATAN,PASAR MINGGU,PEJATEN TIMUR,Kawin,198.00
2017,JAKARTA SELATAN,PASAR MINGGU,PEJATEN BARAT,Kawin,158.00
2017,JAKARTA SELATAN,PASAR MINGGU,KEBAGUSAN,Kawin,139.00
2017,JAKARTA SELATAN,KEBAYORAN LAMA,KEBAYORAN LAMA UTARA,Kawin,148.00
2017,JAKARTA SELATAN,KEBAYORAN LAMA,PONDOK PINANG,Kawin,173.00
2017,JAKARTA SELATAN,KEBAYORAN LAMA,CIPULIR,Kawin,161.00
2017,JAKARTA SELATAN,KEBAYORAN LAMA,GROGOL UTARA,Kawin,179.00
2017,JAKARTA SELATAN,KEBAYORAN LAMA,GROGOL SELATAN,Kawin,168.00
2017,JAKARTA SELATAN,KEBAYORAN LAMA,KEBAYORAN LAMA SELATAN,Kawin,130.00
2017,JAKARTA SELATAN,CILANDAK,CILANDAK BARAT,Kawin,95.00
2017,JAKARTA SELATAN,CILANDAK,LEBAK BULUS,Kawin,99.00
2017,JAKARTA SELATAN,CILANDAK,PONDOK LABU,Kawin,133.00
2017,JAKARTA SELATAN,CILANDAK,GANDARIA SELATAN,Kawin,63.00
2017,JAKARTA SELATAN,CILANDAK,CIPETE SELATAN,Kawin,87.00
2017,JAKARTA SELATAN,KEBAYORAN BARU,MELAWAI,Kawin,6.00
2017,JAKARTA SELATAN,KEBAYORAN BARU,GUNUNG,Kawin,40.00
2017,JAKARTA SELATAN,KEBAYORAN BARU,KRAMAT PELA,Kawin,33.00
2017,JAKARTA SELATAN,KEBAYORAN BARU,SELONG,Kawin,9.00
2017,JAKARTA SELATAN,KEBAYORAN BARU,RAWA BARAT,Kawin,29.00
2017,JAKARTA SELATAN,KEBAYORAN BARU,SENAYAN,Kawin,7.00
2017,JAKARTA SELATAN,KEBAYORAN BARU,PULO,Kawin,23.00
2017,JAKARTA SELATAN,KEBAYORAN BARU,PETOGOGAN,Kawin,43.00
2017,JAKARTA SELATAN,KEBAYORAN BARU,GANDARIA UTARA,Kawin,161.00
2017,JAKARTA SELATAN,KEBAYORAN BARU,CIPETE UTARA,Kawin,131.00
2017,JAKARTA SELATAN,PANCORAN,PANCORAN,Kawin,74.00
2017,JAKARTA SELATAN,PANCORAN,KALIBATA,Kawin,138.00
2017,JAKARTA SELATAN,PANCORAN,RAWA JATI,Kawin,71.00
2017,JAKARTA SELATAN,PANCORAN,DUREN TIGA,Kawin,103.00
2017,JAKARTA SELATAN,PANCORAN,PENGADEGAN,Kawin,78.00
2017,JAKARTA SELATAN,PANCORAN,CIKOKO,Kawin,56.00
2017,JAKARTA SELATAN,JAGAKARSA,JAGAKARSA,Kawin,197.00
2017,JAKARTA SELATAN,JAGAKARSA,SRENGSENG SAWAH,Kawin,211.00
2017,JAKARTA SELATAN,JAGAKARSA,CIGANJUR,Kawin,125.00
2017,JAKARTA SELATAN,JAGAKARSA,LENTENG AGUNG,Kawin,202.00
2017,JAKARTA SELATAN,JAGAKARSA,TANJUNG BARAT,Kawin,120.00
2017,JAKARTA SELATAN,JAGAKARSA,CIPEDAK,Kawin,120.00
2017,JAKARTA SELATAN,PESANGGRAHAN,PESANGGRAHAN,Kawin,96.00
2017,JAKARTA SELATAN,PESANGGRAHAN,BINTARO,Kawin,169.00
2017,JAKARTA SELATAN,PESANGGRAHAN,PETUKANGAN UTARA,Kawin,191.00
2017,JAKARTA SELATAN,PESANGGRAHAN,PETUKANGAN SELATAN,Kawin,136.00
2017,JAKARTA SELATAN,PESANGGRAHAN,ULUJAMI,Kawin,157.00
2017,JAKARTA TIMUR,MATRAMAN,PISANGAN BARU,Kawin,150.00
2017,JAKARTA TIMUR,MATRAMAN,UTAN KAYU UTARA,Kawin,169.00
2017,JAKARTA TIMUR,MATRAMAN,KAYU MANIS,Kawin,123.00
2017,JAKARTA TIMUR,MATRAMAN,PAL MERIAM,Kawin,103.00
2017,JAKARTA TIMUR,MATRAMAN,KEBON MANGGIS,Kawin,81.00
2017,JAKARTA TIMUR,MATRAMAN,UTAN KAYU SELATAN,Kawin,177.00
2017,JAKARTA TIMUR,PULO GADUNG,PULO GADUNG,Kawin,58.00
2017,JAKARTA TIMUR,PULO GADUNG,PISANGAN TIMUR,Kawin,204.00
2017,JAKARTA TIMUR,PULO GADUNG,CIPINANG,Kawin,223.00
2017,JAKARTA TIMUR,PULO GADUNG,JATINEGARA KAUM,Kawin,102.00
2017,JAKARTA TIMUR,PULO GADUNG,RAWAMANGUN,Kawin,179.00
2017,JAKARTA TIMUR,PULO GADUNG,KAYU PUTIH,Kawin,197.00
2017,JAKARTA TIMUR,PULO GADUNG,JATI,Kawin,136.00
2017,JAKARTA TIMUR,JATINEGARA,KAMPUNG MELAYU,Kawin,138.00
2017,JAKARTA TIMUR,JATINEGARA,BIDARA CINA,Kawin,153.00
2017,JAKARTA TIMUR,JATINEGARA,BALI MESTER,Kawin,52.00
2017,JAKARTA TIMUR,JATINEGARA,RAWA BUNGA,Kawin,123.00
2017,JAKARTA TIMUR,JATINEGARA,CIPINANG CEMPEDAK,Kawin,149.00
2017,JAKARTA TIMUR,JATINEGARA,CIPINANG MUARA,Kawin,236.00
2017,JAKARTA TIMUR,JATINEGARA,CIPINANG BESAR SELATAN,Kawin,120.00
2017,JAKARTA TIMUR,JATINEGARA,CIPINANG BESAR UTARA,Kawin,192.00
2017,JAKARTA TIMUR,KRAMAT JATI,KRAMAT JATI,Kawin,156.00
2017,JAKARTA TIMUR,KRAMAT JATI,KAMPUNG TENGAH,Kawin,205.00
2017,JAKARTA TIMUR,KRAMAT JATI,DUKUH,Kawin,110.00
2017,JAKARTA TIMUR,KRAMAT JATI,BATU AMPAR,Kawin,198.00
2017,JAKARTA TIMUR,KRAMAT JATI,BALE KAMBANG,Kawin,99.00
2017,JAKARTA TIMUR,KRAMAT JATI,CILILITAN,Kawin,166.00
2017,JAKARTA TIMUR,KRAMAT JATI,CAWANG,Kawin,158.00
2017,JAKARTA TIMUR,PASAR REBO,GEDONG,Kawin,123.00
2017,JAKARTA TIMUR,PASAR REBO,BARU,Kawin,77.00
2017,JAKARTA TIMUR,PASAR REBO,CIJANTUNG,Kawin,142.00
2017,JAKARTA TIMUR,PASAR REBO,KALISARI,Kawin,133.00
2017,JAKARTA TIMUR,PASAR REBO,PEKAYON,Kawin,149.00
2017,JAKARTA TIMUR,CAKUNG,JATINEGARA,Kawin,253.00
2017,JAKARTA TIMUR,CAKUNG,RAWA TERATE,Kawin,62.00
2017,JAKARTA TIMUR,CAKUNG,PENGGILINGAN,Kawin,346.00
2017,JAKARTA TIMUR,CAKUNG,CAKUNG TIMUR,Kawin,185.00
2017,JAKARTA TIMUR,CAKUNG,PULO GEBANG,Kawin,325.00
2017,JAKARTA TIMUR,CAKUNG,UJUNG MENTENG,Kawin,81.00
2017,JAKARTA TIMUR,CAKUNG,CAKUNG BARAT,Kawin,178.00
2017,JAKARTA TIMUR,DUREN SAWIT,DUREN SAWIT,Kawin,196.00
2017,JAKARTA TIMUR,DUREN SAWIT,PONDOK BAMBU,Kawin,220.00
2017,JAKARTA TIMUR,DUREN SAWIT,KLENDER,Kawin,243.00
2017,JAKARTA TIMUR,DUREN SAWIT,PONDOK KELAPA,Kawin,264.00
2017,JAKARTA TIMUR,DUREN SAWIT,MALAKA SARI,Kawin,141.00
2017,JAKARTA TIMUR,DUREN SAWIT,MALAKA JAYA,Kawin,174.00
2017,JAKARTA TIMUR,DUREN SAWIT,PONDOK KOPI,Kawin,98.00
2017,JAKARTA TIMUR,MAKASAR,MAKASAR,Kawin,121.00
2017,JAKARTA TIMUR,MAKASAR,PINANG RANTI,Kawin,41.00
2017,JAKARTA TIMUR,MAKASAR,KEBON PALA,Kawin,145.00
2017,JAKARTA TIMUR,MAKASAR,HALIM PERDANA KUSUMAH,Kawin,64.00
2017,JAKARTA TIMUR,MAKASAR,CIPINANG MELAYU,Kawin,144.00
2017,JAKARTA TIMUR,CIRACAS,CIRACAS,Kawin,261.00
2017,JAKARTA TIMUR,CIRACAS,CIBUBUR,Kawin,231.00
2017,JAKARTA TIMUR,CIRACAS,KELAPA DUA WETAN,Kawin,216.00
2017,JAKARTA TIMUR,CIRACAS,SUSUKAN,Kawin,92.00
2017,JAKARTA TIMUR,CIRACAS,RAMBUTAN,Kawin,180.00
2017,JAKARTA TIMUR,CIPAYUNG,CIPAYUNG,Kawin,72.00
2017,JAKARTA TIMUR,CIPAYUNG,CILANGKAP,Kawin,67.00
2017,JAKARTA TIMUR,CIPAYUNG,PONDOK RANGGON,Kawin,78.00
2017,JAKARTA TIMUR,CIPAYUNG,MUNJUL,Kawin,101.00
2017,JAKARTA TIMUR,CIPAYUNG,SETU,Kawin,79.00
2017,JAKARTA TIMUR,CIPAYUNG,BAMBU APUS,Kawin,115.00
2017,JAKARTA TIMUR,CIPAYUNG,LUBANG BUAYA,Kawin,234.00
2017,JAKARTA TIMUR,CIPAYUNG,CEGER,Kawin,62.00
